;更新日期2025年6月19日
;------------------------------------------------------------
;1_灵梦
;------------------------------------------------------------
;立絵
立絵_裸_浴袍_通常_1,1_浴袍.webp,0,0,600,600
立絵_裸_浴袍_笑顔_1,1_浴袍.webp,600,0,600,600
立絵_裸_浴袍_憤怒_1,1_浴袍.webp,1200,0,600,600
立絵_裸_浴袍_発情_1,1_浴袍.webp,1800,0,600,600
;颜绘
顔絵_裸_浴袍_通常_1,1_浴袍_颜绘.webp,0,0,300,300
顔絵_裸_浴袍_笑顔_1,1_浴袍_颜绘.webp,300,0,300,300
顔絵_裸_浴袍_憤怒_1,1_浴袍_颜绘.webp,600,0,300,300
顔絵_裸_浴袍_発情_1,1_浴袍_颜绘.webp,900,0,300,300

;------------------------------------------------------------
;10_萃香
;------------------------------------------------------------
;立絵
立絵_裸_浴袍_通常_10,10_浴袍.webp,0,0,600,600
立絵_裸_浴袍_笑顔_10,10_浴袍.webp,600,0,600,600
立絵_裸_浴袍_憤怒_10,10_浴袍.webp,1200,0,600,600
立絵_裸_浴袍_発情_10,10_浴袍.webp,1800,0,600,600
;颜绘
顔絵_裸_浴袍_通常_10,10_浴袍_颜绘.webp,0,0,290,290
顔絵_裸_浴袍_笑顔_10,10_浴袍_颜绘.webp,290,0,290,290
顔絵_裸_浴袍_憤怒_10,10_浴袍_颜绘.webp,580,0,290,290
顔絵_裸_浴袍_発情_10,10_浴袍_颜绘.webp,870,0,290,290
;别立絵
別立ち_裸_浴袍_通常_10,10_別立ち_浴袍.webp,0,0,426,426
別立ち_裸_浴袍_笑顔_10,10_別立ち_浴袍.webp,426,0,426,426
別立ち_裸_浴袍_憤怒_10,10_別立ち_浴袍.webp,852,0,426,426
別立ち_裸_浴袍_発情_10,10_別立ち_浴袍.webp,1278,0,426,426
;别颜绘
別顔_裸_浴袍_通常_10,10_別顔_浴袍.webp,0,0,290,290
別顔_裸_浴袍_笑顔_10,10_別顔_浴袍.webp,290,0,290,290
別顔_裸_浴袍_憤怒_10,10_別顔_浴袍.webp,580,0,290,290
別顔_裸_浴袍_発情_10,10_別顔_浴袍.webp,870,0,290,290

;------------------------------------------------------------
;11_魔理沙
;------------------------------------------------------------
;立絵
立絵_裸_浴袍_通常_11,11_浴袍.webp,0,0,600,600
立絵_裸_浴袍_笑顔_11,11_浴袍.webp,600,0,600,600
立絵_裸_浴袍_憤怒_11,11_浴袍.webp,1200,0,600,600
立絵_裸_浴袍_発情_11,11_浴袍.webp,1800,0,600,600
;颜绘
顔絵_裸_浴袍_通常_11,11_浴袍_颜绘.webp,0,0,300,300
顔絵_裸_浴袍_笑顔_11,11_浴袍_颜绘.webp,300,0,300,300
顔絵_裸_浴袍_憤怒_11,11_浴袍_颜绘.webp,600,0,300,300
顔絵_裸_浴袍_発情_11,11_浴袍_颜绘.webp,900,0,300,300

;------------------------------------------------------------
;15_咲夜
;------------------------------------------------------------
;立絵
立絵_裸_浴袍_通常_15,15_浴袍.webp,0,0,600,600
立絵_裸_浴袍_笑顔_15,15_浴袍.webp,600,0,600,600
立絵_裸_浴袍_憤怒_15,15_浴袍.webp,1200,0,600,600
立絵_裸_浴袍_発情_15,15_浴袍.webp,1800,0,600,600
;颜绘
顔絵_裸_浴袍_通常_15,15_浴袍_颜绘.webp,0,0,300,300
顔絵_裸_浴袍_笑顔_15,15_浴袍_颜绘.webp,300,0,300,300
顔絵_裸_浴袍_憤怒_15,15_浴袍_颜绘.webp,600,0,300,300
顔絵_裸_浴袍_発情_15,15_浴袍_颜绘.webp,900,0,300,300

;------------------------------------------------------------
;16_蕾米莉亚
;------------------------------------------------------------
;立絵
立絵_裸_浴袍_通常_16,16_浴袍.webp,0,0,600,600
立絵_裸_浴袍_笑顔_16,16_浴袍.webp,600,0,600,600
立絵_裸_浴袍_憤怒_16,16_浴袍.webp,1200,0,600,600
立絵_裸_浴袍_発情_16,16_浴袍.webp,1800,0,600,600
;颜绘
顔絵_裸_浴袍_通常_16,16_浴袍_颜绘.webp,0,0,266,266
顔絵_裸_浴袍_笑顔_16,16_浴袍_颜绘.webp,266,0,266,266
顔絵_裸_浴袍_憤怒_16,16_浴袍_颜绘.webp,532,0,266,266
顔絵_裸_浴袍_発情_16,16_浴袍_颜绘.webp,798,0,266,266

;------------------------------------------------------------
;17_爱丽丝
;------------------------------------------------------------
;立絵
立絵_裸_浴袍_通常_17,17_浴袍.webp,0,0,600,600
立絵_裸_浴袍_笑顔_17,17_浴袍.webp,600,0,600,600
立絵_裸_浴袍_憤怒_17,17_浴袍.webp,1200,0,600,600
立絵_裸_浴袍_発情_17,17_浴袍.webp,1800,0,600,600
;颜绘
顔絵_裸_浴袍_通常_17,17_浴袍_颜绘.webp,0,0,300,300
顔絵_裸_浴袍_笑顔_17,17_浴袍_颜绘.webp,300,0,300,300
顔絵_裸_浴袍_憤怒_17,17_浴袍_颜绘.webp,600,0,300,300
顔絵_裸_浴袍_発情_17,17_浴袍_颜绘.webp,900,0,300,300
;别立絵
別立ち_裸_浴袍_通常_17,17_別立ち_浴袍.webp,0,0,600,600
別立ち_裸_浴袍_笑顔_17,17_別立ち_浴袍.webp,600,0,600,600
別立ち_裸_浴袍_憤怒_17,17_別立ち_浴袍.webp,1200,0,600,600
別立ち_裸_浴袍_発情_17,17_別立ち_浴袍.webp,1800,0,600,600
;别颜绘
別顔_裸_浴袍_通常_17,17_別顔_浴袍.webp,0,0,300,300
別顔_裸_浴袍_笑顔_17,17_別顔_浴袍.webp,300,0,300,300
別顔_裸_浴袍_憤怒_17,17_別顔_浴袍.webp,600,0,300,300
別顔_裸_浴袍_発情_17,17_別顔_浴袍.webp,900,0,300,300


;------------------------------------------------------------
;23_妖梦
;------------------------------------------------------------
;立絵
立絵_裸_浴袍_通常_23,23_浴袍.webp,0,0,600,600
立絵_裸_浴袍_笑顔_23,23_浴袍.webp,600,0,600,600
立絵_裸_浴袍_憤怒_23,23_浴袍.webp,1200,0,600,600
立絵_裸_浴袍_発情_23,23_浴袍.webp,1800,0,600,600
;颜绘
顔絵_裸_浴袍_通常_23,23_浴袍_颜绘.webp,0,0,250,250
顔絵_裸_浴袍_笑顔_23,23_浴袍_颜绘.webp,250,0,250,250
顔絵_裸_浴袍_憤怒_23,23_浴袍_颜绘.webp,500,0,250,250
顔絵_裸_浴袍_発情_23,23_浴袍_颜绘.webp,750,0,250,250

;------------------------------------------------------------
;24_橙
;------------------------------------------------------------
;立絵
立絵_裸_浴袍_通常_24,24_浴袍.webp,0,0,600,600
立絵_裸_浴袍_笑顔_24,24_浴袍.webp,600,0,600,600
立絵_裸_浴袍_憤怒_24,24_浴袍.webp,1200,0,600,600
立絵_裸_浴袍_発情_24,24_浴袍.webp,1800,0,600,600
;颜绘
顔絵_裸_浴袍_通常_24,24_浴袍_颜绘.webp,0,0,253,253
顔絵_裸_浴袍_笑顔_24,24_浴袍_颜绘.webp,253,0,253,253
顔絵_裸_浴袍_憤怒_24,24_浴袍_颜绘.webp,506,0,253,253
顔絵_裸_浴袍_発情_24,24_浴袍_颜绘.webp,759,0,253,253

;------------------------------------------------------------
;25_蓝
;------------------------------------------------------------
;立絵
立絵_裸_浴袍_通常_25,25_浴袍.webp,0,0,600,600
立絵_裸_浴袍_笑顔_25,25_浴袍.webp,600,0,600,600
立絵_裸_浴袍_憤怒_25,25_浴袍.webp,1200,0,600,600
立絵_裸_浴袍_発情_25,25_浴袍.webp,1800,0,600,600
;颜绘
顔絵_裸_浴袍_通常_25,25_浴袍_颜绘.webp,0,0,358,358
顔絵_裸_浴袍_笑顔_25,25_浴袍_颜绘.webp,358,0,358,358
顔絵_裸_浴袍_憤怒_25,25_浴袍_颜绘.webp,716,0,358,358
顔絵_裸_浴袍_発情_25,25_浴袍_颜绘.webp,1074,0,358,358

;------------------------------------------------------------
;26_紫
;------------------------------------------------------------
;立絵
立絵_裸_浴袍_通常_26,26_浴袍.webp,0,0,600,600
立絵_裸_浴袍_笑顔_26,26_浴袍.webp,600,0,600,600
立絵_裸_浴袍_憤怒_26,26_浴袍.webp,1200,0,600,600
立絵_裸_浴袍_発情_26,26_浴袍.webp,1800,0,600,600
;颜绘
顔絵_裸_浴袍_通常_26,26_浴袍_颜绘.webp,0,0,300,300
顔絵_裸_浴袍_笑顔_26,26_浴袍_颜绘.webp,300,0,300,300
顔絵_裸_浴袍_憤怒_26,26_浴袍_颜绘.webp,600,0,300,300
顔絵_裸_浴袍_発情_26,26_浴袍_颜绘.webp,900,0,300,300

;------------------------------------------------------------
;29_文
;------------------------------------------------------------
;立絵
立絵_裸_浴袍_通常_29,29_浴袍.webp,0,0,600,600
立絵_裸_浴袍_笑顔_29,29_浴袍.webp,600,0,600,600
立絵_裸_浴袍_憤怒_29,29_浴袍.webp,1200,0,600,600
立絵_裸_浴袍_発情_29,29_浴袍.webp,1800,0,600,600
;颜绘
顔絵_裸_浴袍_通常_29,29_浴袍_颜绘.webp,0,0,300,300
顔絵_裸_浴袍_笑顔_29,29_浴袍_颜绘.webp,300,0,300,300
顔絵_裸_浴袍_憤怒_29,29_浴袍_颜绘.webp,600,0,300,300
顔絵_裸_浴袍_発情_29,29_浴袍_颜绘.webp,900,0,300,300

;------------------------------------------------------------
;30_映姬
;------------------------------------------------------------
;立絵
立絵_裸_浴袍_通常_30,30_浴袍.webp,0,0,600,600
立絵_裸_浴袍_笑顔_30,30_浴袍.webp,600,0,600,600
立絵_裸_浴袍_憤怒_30,30_浴袍.webp,1200,0,600,600
立絵_裸_浴袍_発情_30,30_浴袍.webp,1800,0,600,600
;颜绘
顔絵_裸_浴袍_通常_30,30_浴袍_颜绘.webp,0,0,259,259
顔絵_裸_浴袍_笑顔_30,30_浴袍_颜绘.webp,259,0,259,259
顔絵_裸_浴袍_憤怒_30,30_浴袍_颜绘.webp,518,0,259,259
顔絵_裸_浴袍_発情_30,30_浴袍_颜绘.webp,777,0,259,259
;别立絵
別立ち_裸_浴袍_通常_30,30_別立ち_浴袍.webp,0,0,463,463
別立ち_裸_浴袍_笑顔_30,30_別立ち_浴袍.webp,463,0,463,463
別立ち_裸_浴袍_憤怒_30,30_別立ち_浴袍.webp,926,0,463,463
別立ち_裸_浴袍_発情_30,30_別立ち_浴袍.webp,1389,0,463,463
;别颜绘
別顔_裸_浴袍_通常_30,30_別顔_浴袍.webp,0,0,259,259
別顔_裸_浴袍_笑顔_30,30_別顔_浴袍.webp,259,0,259,259
別顔_裸_浴袍_憤怒_30,30_別顔_浴袍.webp,518,0,259,259
別顔_裸_浴袍_発情_30,30_別顔_浴袍.webp,777,0,259,259

;------------------------------------------------------------
;31_早苗
;------------------------------------------------------------
;立絵
立絵_裸_浴袍_通常_31,31_浴袍.webp,0,0,600,600
立絵_裸_浴袍_笑顔_31,31_浴袍.webp,600,0,600,600
立絵_裸_浴袍_憤怒_31,31_浴袍.webp,1200,0,600,600
立絵_裸_浴袍_発情_31,31_浴袍.webp,1800,0,600,600
;颜绘
顔絵_裸_浴袍_通常_31,31_浴袍_颜绘.webp,0,0,300,300
顔絵_裸_浴袍_笑顔_31,31_浴袍_颜绘.webp,300,0,300,300
顔絵_裸_浴袍_憤怒_31,31_浴袍_颜绘.webp,600,0,300,300
顔絵_裸_浴袍_発情_31,31_浴袍_颜绘.webp,900,0,300,300

;------------------------------------------------------------
;32_神奈子
;------------------------------------------------------------
;立絵
立絵_裸_浴袍_通常_32,32_浴袍.webp,0,0,600,600
立絵_裸_浴袍_笑顔_32,32_浴袍.webp,600,0,600,600
立絵_裸_浴袍_憤怒_32,32_浴袍.webp,1200,0,600,600
立絵_裸_浴袍_発情_32,32_浴袍.webp,1800,0,600,600
;颜绘
顔絵_裸_浴袍_通常_32,32_浴袍_颜绘.webp,0,0,327,327
顔絵_裸_浴袍_笑顔_32,32_浴袍_颜绘.webp,327,0,327,327
顔絵_裸_浴袍_憤怒_32,32_浴袍_颜绘.webp,654,0,327,327
顔絵_裸_浴袍_発情_32,32_浴袍_颜绘.webp,981,0,327,327

;------------------------------------------------------------
;33_诹访子
;------------------------------------------------------------
;立絵
立絵_裸_浴袍_通常_33,33_浴袍.webp,0,0,600,600
立絵_裸_浴袍_笑顔_33,33_浴袍.webp,600,0,600,600
立絵_裸_浴袍_憤怒_33,33_浴袍.webp,1200,0,600,600
立絵_裸_浴袍_発情_33,33_浴袍.webp,1800,0,600,600
;颜绘
顔絵_裸_浴袍_通常_33,33_浴袍_颜绘.webp,0,0,300,300
顔絵_裸_浴袍_笑顔_33,33_浴袍_颜绘.webp,300,0,300,300
顔絵_裸_浴袍_憤怒_33,33_浴袍_颜绘.webp,600,0,300,300
顔絵_裸_浴袍_発情_33,33_浴袍_颜绘.webp,900,0,300,300

;------------------------------------------------------------
;34_天子
;------------------------------------------------------------
;立絵
立絵_裸_浴袍_通常_34,34_浴袍.webp,0,0,600,600
立絵_裸_浴袍_笑顔_34,34_浴袍.webp,600,0,600,600
立絵_裸_浴袍_憤怒_34,34_浴袍.webp,1200,0,600,600
立絵_裸_浴袍_発情_34,34_浴袍.webp,1800,0,600,600
;颜绘
顔絵_裸_浴袍_通常_34,34_浴袍_颜绘.webp,0,0,300,300
顔絵_裸_浴袍_笑顔_34,34_浴袍_颜绘.webp,300,0,300,300
顔絵_裸_浴袍_憤怒_34,34_浴袍_颜绘.webp,600,0,300,300
顔絵_裸_浴袍_発情_34,34_浴袍_颜绘.webp,900,0,300,300

;------------------------------------------------------------
;35_衣玖
;------------------------------------------------------------
;立絵
立絵_裸_浴袍_通常_35,35_浴袍.webp,0,0,600,600
立絵_裸_浴袍_笑顔_35,35_浴袍.webp,600,0,600,600
立絵_裸_浴袍_憤怒_35,35_浴袍.webp,1200,0,600,600
立絵_裸_浴袍_発情_35,35_浴袍.webp,1800,0,600,600
;颜绘
顔絵_裸_浴袍_通常_35,35_浴袍_颜绘.webp,0,0,300,300
顔絵_裸_浴袍_笑顔_35,35_浴袍_颜绘.webp,300,0,300,300
顔絵_裸_浴袍_憤怒_35,35_浴袍_颜绘.webp,600,0,300,300
顔絵_裸_浴袍_発情_35,35_浴袍_颜绘.webp,900,0,300,300

;------------------------------------------------------------
;36_阿燐
;------------------------------------------------------------
;立絵
立絵_裸_浴袍_通常_36,36_浴袍.webp,0,0,600,600
立絵_裸_浴袍_笑顔_36,36_浴袍.webp,600,0,600,600
立絵_裸_浴袍_憤怒_36,36_浴袍.webp,1200,0,600,600
立絵_裸_浴袍_発情_36,36_浴袍.webp,1800,0,600,600
;颜绘
顔絵_裸_浴袍_通常_36,36_浴袍_颜绘.webp,0,0,358,358
顔絵_裸_浴袍_笑顔_36,36_浴袍_颜绘.webp,358,0,358,358
顔絵_裸_浴袍_憤怒_36,36_浴袍_颜绘.webp,716,0,358,358
顔絵_裸_浴袍_発情_36,36_浴袍_颜绘.webp,1074,0,358,358

;------------------------------------------------------------
;37_阿空
;------------------------------------------------------------
;立絵
立絵_裸_浴袍_通常_37,37_浴袍.webp,0,0,600,600
立絵_裸_浴袍_笑顔_37,37_浴袍.webp,600,0,600,600
立絵_裸_浴袍_憤怒_37,37_浴袍.webp,1200,0,600,600
立絵_裸_浴袍_発情_37,37_浴袍.webp,1800,0,600,600
;颜绘
顔絵_裸_浴袍_通常_37,37_浴袍_颜绘.webp,0,0,288,288
顔絵_裸_浴袍_笑顔_37,37_浴袍_颜绘.webp,288,0,288,288
顔絵_裸_浴袍_憤怒_37,37_浴袍_颜绘.webp,576,0,288,288
顔絵_裸_浴袍_発情_37,37_浴袍_颜绘.webp,864,0,288,288

;------------------------------------------------------------
;38_恋
;------------------------------------------------------------
;立絵
立絵_裸_浴袍_通常_38,38_浴袍.webp,0,0,600,600
立絵_裸_浴袍_笑顔_38,38_浴袍.webp,600,0,600,600
立絵_裸_浴袍_憤怒_38,38_浴袍.webp,1200,0,600,600
立絵_裸_浴袍_発情_38,38_浴袍.webp,1800,0,600,600
;颜绘
顔絵_裸_浴袍_通常_38,38_浴袍_颜绘.webp,0,0,300,300
顔絵_裸_浴袍_笑顔_38,38_浴袍_颜绘.webp,300,0,300,300
顔絵_裸_浴袍_憤怒_38,38_浴袍_颜绘.webp,600,0,300,300
顔絵_裸_浴袍_発情_38,38_浴袍_颜绘.webp,900,0,300,300

;------------------------------------------------------------
;39_纳兹琳
;------------------------------------------------------------
;立絵
立絵_裸_浴袍_通常_39,39_浴袍.webp,0,0,600,600
立絵_裸_浴袍_笑顔_39,39_浴袍.webp,600,0,600,600
立絵_裸_浴袍_憤怒_39,39_浴袍.webp,1200,0,600,600
立絵_裸_浴袍_発情_39,39_浴袍.webp,1800,0,600,600
;颜绘
顔絵_裸_浴袍_通常_39,39_浴袍_颜绘.webp,0,0,285,285
顔絵_裸_浴袍_笑顔_39,39_浴袍_颜绘.webp,285,0,285,285
顔絵_裸_浴袍_憤怒_39,39_浴袍_颜绘.webp,570,0,285,285
顔絵_裸_浴袍_発情_39,39_浴袍_颜绘.webp,855,0,285,285

;------------------------------------------------------------
;41_鵺
;------------------------------------------------------------
;立絵
立絵_裸_浴袍_通常_41,41_浴袍.webp,0,0,600,600
立絵_裸_浴袍_笑顔_41,41_浴袍.webp,600,0,600,600
立絵_裸_浴袍_憤怒_41,41_浴袍.webp,1200,0,600,600
立絵_裸_浴袍_発情_41,41_浴袍.webp,1800,0,600,600
;颜绘
顔絵_裸_浴袍_通常_41,41_浴袍_颜绘.webp,0,0,270,270
顔絵_裸_浴袍_笑顔_41,41_浴袍_颜绘.webp,270,0,270,270
顔絵_裸_浴袍_憤怒_41,41_浴袍_颜绘.webp,540,0,270,270
顔絵_裸_浴袍_発情_41,41_浴袍_颜绘.webp,810,0,270,270

;------------------------------------------------------------
;42_果
;------------------------------------------------------------
;立絵
立絵_裸_浴袍_通常_42,42_浴袍.webp,0,0,600,600
立絵_裸_浴袍_笑顔_42,42_浴袍.webp,600,0,600,600
立絵_裸_浴袍_憤怒_42,42_浴袍.webp,1200,0,600,600
立絵_裸_浴袍_発情_42,42_浴袍.webp,1800,0,600,600
;颜绘
顔絵_裸_浴袍_通常_42,42_浴袍_颜绘.webp,0,0,274,274
顔絵_裸_浴袍_笑顔_42,42_浴袍_颜绘.webp,274,0,274,274
顔絵_裸_浴袍_憤怒_42,42_浴袍_颜绘.webp,548,0,274,274
顔絵_裸_浴袍_発情_42,42_浴袍_颜绘.webp,822,0,274,274

;------------------------------------------------------------
;49_觉
;------------------------------------------------------------
;立絵
立絵_裸_浴袍_通常_49,49_浴袍.webp,0,0,456,456
立絵_裸_浴袍_笑顔_49,49_浴袍.webp,456,0,456,456
立絵_裸_浴袍_憤怒_49,49_浴袍.webp,912,0,456,456
立絵_裸_浴袍_発情_49,49_浴袍.webp,1368,0,456,456
;颜绘
顔絵_裸_浴袍_通常_49,49_浴袍_颜绘.webp,0,0,300,300
顔絵_裸_浴袍_笑顔_49,49_浴袍_颜绘.webp,300,0,300,300
顔絵_裸_浴袍_憤怒_49,49_浴袍_颜绘.webp,600,0,300,300
顔絵_裸_浴袍_発情_49,49_浴袍_颜绘.webp,900,0,300,300

;------------------------------------------------------------
;50_芙兰朵露
;------------------------------------------------------------
;立絵
立絵_裸_浴袍_通常_50,50_浴袍.webp,0,0,600,600
立絵_裸_浴袍_笑顔_50,50_浴袍.webp,600,0,600,600
立絵_裸_浴袍_憤怒_50,50_浴袍.webp,1200,0,600,600
立絵_裸_浴袍_発情_50,50_浴袍.webp,1800,0,600,600
;颜绘
顔絵_裸_浴袍_通常_50,50_浴袍_颜绘.webp,0,0,300,300
顔絵_裸_浴袍_笑顔_50,50_浴袍_颜绘.webp,300,0,300,300
顔絵_裸_浴袍_憤怒_50,50_浴袍_颜绘.webp,600,0,300,300
顔絵_裸_浴袍_発情_50,50_浴袍_颜绘.webp,900,0,300,300

;------------------------------------------------------------
;51_荷取
;------------------------------------------------------------
;立絵
立絵_裸_浴袍_通常_51,51_浴袍.webp,0,0,600,600
立絵_裸_浴袍_笑顔_51,51_浴袍.webp,600,0,600,600
立絵_裸_浴袍_憤怒_51,51_浴袍.webp,1200,0,600,600
立絵_裸_浴袍_発情_51,51_浴袍.webp,1800,0,600,600
;颜绘
顔絵_裸_浴袍_通常_51,51_浴袍_颜绘.webp,0,0,270,270
顔絵_裸_浴袍_笑顔_51,51_浴袍_颜绘.webp,270,0,270,270
顔絵_裸_浴袍_憤怒_51,51_浴袍_颜绘.webp,540,0,270,270
顔絵_裸_浴袍_発情_51,51_浴袍_颜绘.webp,810,0,270,270

;------------------------------------------------------------
;52_铃仙
;------------------------------------------------------------
;立絵
立絵_裸_浴袍_通常_52,52_浴袍.webp,0,0,600,600
立絵_裸_浴袍_笑顔_52,52_浴袍.webp,600,0,600,600
立絵_裸_浴袍_憤怒_52,52_浴袍.webp,1200,0,600,600
立絵_裸_浴袍_発情_52,52_浴袍.webp,1800,0,600,600
;颜绘
顔絵_裸_浴袍_通常_52,52_浴袍.webp,150,125,300,300
顔絵_裸_浴袍_笑顔_52,52_浴袍.webp,750,125,300,300
顔絵_裸_浴袍_憤怒_52,52_浴袍.webp,1350,125,300,300
顔絵_裸_浴袍_発情_52,52_浴袍.webp,1950,125,300,300

;------------------------------------------------------------
;53_帝
;------------------------------------------------------------
;立絵
立絵_裸_浴袍_通常_53,53_浴袍.webp,0,0,600,600
立絵_裸_浴袍_笑顔_53,53_浴袍.webp,600,0,600,600
立絵_裸_浴袍_憤怒_53,53_浴袍.webp,1200,0,600,600
立絵_裸_浴袍_発情_53,53_浴袍.webp,1800,0,600,600
;颜绘
顔絵_裸_浴袍_通常_53,53_浴袍_颜绘.webp,0,0,244,244
顔絵_裸_浴袍_笑顔_53,53_浴袍_颜绘.webp,244,0,244,244
顔絵_裸_浴袍_憤怒_53,53_浴袍_颜绘.webp,488,0,244,244
顔絵_裸_浴袍_発情_53,53_浴袍_颜绘.webp,732,0,244,244

;------------------------------------------------------------
;55_白莲
;------------------------------------------------------------
;立絵
立絵_裸_浴袍_通常_55,55_浴袍.webp,0,0,530,530
立絵_裸_浴袍_笑顔_55,55_浴袍.webp,530,0,530,530
立絵_裸_浴袍_憤怒_55,55_浴袍.webp,1060,0,530,530
立絵_裸_浴袍_発情_55,55_浴袍.webp,1590,0,530,530
;颜绘
顔絵_裸_浴袍_通常_55,55_浴袍_颜绘.webp,0,0,332,332
顔絵_裸_浴袍_笑顔_55,55_浴袍_颜绘.webp,332,0,332,332
顔絵_裸_浴袍_憤怒_55,55_浴袍_颜绘.webp,664,0,332,332
顔絵_裸_浴袍_発情_55,55_浴袍_颜绘.webp,996,0,332,332

;------------------------------------------------------------
;61_妹红
;------------------------------------------------------------
;立絵
立絵_裸_浴袍_通常_61,61_浴袍.webp,0,0,600,600
立絵_裸_浴袍_笑顔_61,61_浴袍.webp,600,0,600,600
立絵_裸_浴袍_憤怒_61,61_浴袍.webp,1200,0,600,600
立絵_裸_浴袍_発情_61,61_浴袍.webp,1800,0,600,600
;颜绘
顔絵_裸_浴袍_通常_61,61_浴袍_颜绘.webp,0,0,339,339
顔絵_裸_浴袍_笑顔_61,61_浴袍_颜绘.webp,339,0,339,339
顔絵_裸_浴袍_憤怒_61,61_浴袍_颜绘.webp,678,0,339,339
顔絵_裸_浴袍_発情_61,61_浴袍_颜绘.webp,1017,0,339,339

;------------------------------------------------------------
;62_辉夜
;------------------------------------------------------------
;立絵
立絵_裸_浴袍_通常_62,62_浴袍.webp,0,0,600,600
立絵_裸_浴袍_笑顔_62,62_浴袍.webp,600,0,600,600
立絵_裸_浴袍_憤怒_62,62_浴袍.webp,1200,0,600,600
立絵_裸_浴袍_発情_62,62_浴袍.webp,1800,0,600,600
;颜绘
顔絵_裸_浴袍_通常_62,62_浴袍_颜绘.webp,0,0,300,300
顔絵_裸_浴袍_笑顔_62,62_浴袍_颜绘.webp,300,0,300,300
顔絵_裸_浴袍_憤怒_62,62_浴袍_颜绘.webp,600,0,300,300
顔絵_裸_浴袍_発情_62,62_浴袍_颜绘.webp,900,0,300,300

;------------------------------------------------------------
;66_幽幽子
;------------------------------------------------------------
;立絵
立絵_裸_浴袍_通常_66,66_浴袍.webp,0,0,500,500
立絵_裸_浴袍_笑顔_66,66_浴袍.webp,500,0,500,500
立絵_裸_浴袍_憤怒_66,66_浴袍.webp,1000,0,500,500
立絵_裸_浴袍_発情_66,66_浴袍.webp,1500,0,500,500
;颜绘
顔絵_裸_浴袍_通常_66,66_浴袍_颜绘.webp,0,0,300,300
顔絵_裸_浴袍_笑顔_66,66_浴袍_颜绘.webp,300,0,300,300
顔絵_裸_浴袍_憤怒_66,66_浴袍_颜绘.webp,600,0,300,300
顔絵_裸_浴袍_発情_66,66_浴袍_颜绘.webp,900,0,300,300

;------------------------------------------------------------
;67_慧音
;------------------------------------------------------------
;立絵
立絵_裸_浴袍_通常_67,67_浴袍.webp,0,0,600,600
立絵_裸_浴袍_笑顔_67,67_浴袍.webp,600,0,600,600
立絵_裸_浴袍_憤怒_67,67_浴袍.webp,1200,0,600,600
立絵_裸_浴袍_発情_67,67_浴袍.webp,1800,0,600,600
;颜绘
顔絵_裸_浴袍_通常_67,67_浴袍_颜绘.webp,0,0,350,350
顔絵_裸_浴袍_笑顔_67,67_浴袍_颜绘.webp,350,0,350,350
顔絵_裸_浴袍_憤怒_67,67_浴袍_颜绘.webp,700,0,350,350
顔絵_裸_浴袍_発情_67,67_浴袍_颜绘.webp,1050,0,350,350

;------------------------------------------------------------
;68_幽香
;------------------------------------------------------------
;立絵
立絵_裸_浴袍_通常_68,68_浴袍.webp,0,0,600,600
立絵_裸_浴袍_笑顔_68,68_浴袍.webp,600,0,600,600
立絵_裸_浴袍_憤怒_68,68_浴袍.webp,1200,0,600,600
立絵_裸_浴袍_発情_68,68_浴袍.webp,1800,0,600,600
;颜绘
顔絵_裸_浴袍_通常_68,68_浴袍_颜绘.webp,0,0,278,278
顔絵_裸_浴袍_笑顔_68,68_浴袍_颜绘.webp,278,0,278,278
顔絵_裸_浴袍_憤怒_68,68_浴袍_颜绘.webp,556,0,278,278
顔絵_裸_浴袍_発情_68,68_浴袍_颜绘.webp,834,0,278,278

;------------------------------------------------------------
;72_永琳
;------------------------------------------------------------
;立絵
立絵_裸_浴袍_通常_72,72_浴袍.webp,0,0,600,600
立絵_裸_浴袍_笑顔_72,72_浴袍.webp,600,0,600,600
立絵_裸_浴袍_憤怒_72,72_浴袍.webp,1200,0,600,600
立絵_裸_浴袍_発情_72,72_浴袍.webp,1800,0,600,600
;颜绘
顔絵_裸_浴袍_通常_72,72_浴袍_颜绘.webp,0,0,274,274
顔絵_裸_浴袍_笑顔_72,72_浴袍_颜绘.webp,274,0,274,274
顔絵_裸_浴袍_憤怒_72,72_浴袍_颜绘.webp,548,0,274,274
顔絵_裸_浴袍_発情_72,72_浴袍_颜绘.webp,822,0,274,274

;------------------------------------------------------------
;76_小町
;------------------------------------------------------------
;立絵
立絵_裸_浴袍_通常_76,76_浴袍.webp,0,0,600,600
立絵_裸_浴袍_笑顔_76,76_浴袍.webp,600,0,600,600
立絵_裸_浴袍_憤怒_76,76_浴袍.webp,1200,0,600,600
立絵_裸_浴袍_発情_76,76_浴袍.webp,1800,0,600,600
;颜绘
顔絵_裸_浴袍_通常_76,76_浴袍_颜绘.webp,0,0,300,300
顔絵_裸_浴袍_笑顔_76,76_浴袍_颜绘.webp,300,0,300,300
顔絵_裸_浴袍_憤怒_76,76_浴袍_颜绘.webp,600,0,300,300
顔絵_裸_浴袍_発情_76,76_浴袍_颜绘.webp,900,0,300,300

;------------------------------------------------------------
;80_阿求
;------------------------------------------------------------
;立絵
立絵_裸_浴袍_通常_80,80_浴袍.webp,0,0,600,600
立絵_裸_浴袍_笑顔_80,80_浴袍.webp,600,0,600,600
立絵_裸_浴袍_憤怒_80,80_浴袍.webp,1200,0,600,600
立絵_裸_浴袍_発情_80,80_浴袍.webp,1800,0,600,600
;颜绘
顔絵_裸_浴袍_通常_80,80_浴袍_颜绘.webp,0,0,228,228
顔絵_裸_浴袍_笑顔_80,80_浴袍_颜绘.webp,228,0,228,228
顔絵_裸_浴袍_憤怒_80,80_浴袍_颜绘.webp,456,0,228,228
顔絵_裸_浴袍_発情_80,80_浴袍_颜绘.webp,684,0,228,228

;------------------------------------------------------------
;87_星
;------------------------------------------------------------
;立絵
立絵_裸_浴袍_通常_87,87_浴袍.webp,0,0,600,600
立絵_裸_浴袍_笑顔_87,87_浴袍.webp,600,0,600,600
立絵_裸_浴袍_憤怒_87,87_浴袍.webp,1200,0,600,600
立絵_裸_浴袍_発情_87,87_浴袍.webp,1800,0,600,600
;颜绘
顔絵_裸_浴袍_通常_87,87_浴袍_颜绘.webp,0,0,300,300
顔絵_裸_浴袍_笑顔_87,87_浴袍_颜绘.webp,300,0,300,300
顔絵_裸_浴袍_憤怒_87,87_浴袍_颜绘.webp,600,0,300,300
顔絵_裸_浴袍_発情_87,87_浴袍_颜绘.webp,900,0,300,300