;=============================================================================
; 扩展变量保存配置文件 (VarExt)
;=============================================================================
; 这里的设置用于告诉 Emuera 引擎：
; 哪些 DataTable、XML、MAP需要被保存到存档文件(.sav)中。
;
; 【重要注意事项】
; 1. 必须在 Emuera.config 中将 "セーブデータをバイナリ形式で保存する" 设为 YES 才会生效。
; 2. 这里的 ID (名称) 必须与你在代码中 DT_CREATE 创建时使用的字符串完全一致。
; 3. ID 前后的空格会被自动去除。
; 格式: SAVE_DTS, DataTable名称1, DataTable名称2...
; SAVE_XMLS, 0, MyXmlDoc
; SAVE_MAPS, MyDungeonMap
;=============================================================================

;-----------------------------------------------------------------------------
; 【1. 随存档保存 (SAVE_*)】
; 这些数据会保存在 save01.sav, save02.sav 等玩家存档中。
; 适用于：每个存档独立的数据，如：战斗履历、任务进度、当前地图状态。
;-----------------------------------------------------------------------------

;-----------------------------------------------------------------------------
; 【2. 全局保存 (GLOBAL_*)】
; 这些数据会保存在 global.sav 中，所有存档共享。
; 适用于：跨周目的数据，如：全CG解锁记录、成就系统、怪物图鉴。
;-----------------------------------------------------------------------------
; 示例：如果有一个全局成就表 DT_ACHIEVEMENT
; GLOBAL_DTS, DT_ACHIEVEMENT

;-----------------------------------------------------------------------------
; 【3. 静态保存 (STATIC_*)】
; 类似于 GLOBAL，但仅在 RESETGLOBAL 时才会被删除，RESETDATA 时保留。
; 通常用得较少。
;-----------------------------------------------------------------------------
; STATIC_DTS, DT_SYSTEM_CACHE

SAVE_DTS, DT_UFUFU_LOG
SAVE_DTS, DT_UFUFU_M_LOG