97TGXZ1,97TGXZ1.webp
97TGXZ2,97TGXZ2.webp
97TGXZ3,97TGXZ3.webp
97SQXZ1,97SQXZ1.webp
97SQXZ2,97SQXZ2.webp
97拔你头发,97拔你头发.jpg
97headpetting1,97headpetting1.webp
97fingering1,97fingering1.webp
97fingering2,97fingering2.webp
97breast1,97breast1.webp
97butt1,97butt1.webp
97anal1,97anal1.webp
97NI53-1,97NI53-1.webp
97NI51-1,97NI51-1.webp
97NI50-1,97NI50-1.webp
97NI54-1,97NI54-1.webp
97NI70-1,97NI70-1.webp
97NI72-1,97NI72-1.webp
97NI77-1,97NI77-1.webp
97NI85-1,97NI85-1.webp
97NI88-1,97NI88-1.webp
97NI87-1,97NI87-1.webp
97NI89-1,97NI89-1.webp
97NIPPLE_1,97NIPPLE_1.webp
97NIPPLE_2,97NIPPLE_2.webp
97NIPPLE_3,97NIPPLE_3.webp
97NI52-1,97NI52-1.webp
97KISS1,97KISS1.webp
97KISS2,97KISS2.webp
97KISS3,97KISS3.webp
97BA1-1,97BA1-1.webp
97BA1-2,97BA1-2.webp
97BA1-3,97BA1-3.webp
97BA1-4,97BA1-4.webp
97BA2-1,97BA2-1.webp
97BA2-2,97BA2-2.webp
97BA2-3,97BA2-3.webp
97BA2-4,97BA2-4.webp
97BA2-5,97BA2-5.webp
97BA3-1,97BA3-1.webp
97BA3-2,97BA3-2.webp
97BA3-3,97BA3-3.webp
97BA3-4,97BA3-4.webp
97BA3-5,97BA3-5.webp
97BA3-6,97BA3-6.webp
97BA3-7,97BA3-7.webp
97BA3-8,97BA3-8.webp
97BA3-9,97BA3-9.webp
97SOX1,97SOX1.webp
97SOX4,97SOX4.webp
97SOX7,97SOX7.webp
97SOX10,97SOX10.webp
97SOX13,97SOX13.webp
97SOX16,97SOX16.webp
97SOX19,97SOX19.webp
97SOX22,97SOX22.webp
97SOX28,97SOX28.webp
97SOX31,97SOX31.webp
97SOX34,97SOX34.webp
