神社境内_1_0,00/1_1_0.webp
神社境内_2_0,00/1_2_0.webp
神社境内_3_0,00/1_3_0.webp
神社境内_4_0,00/1_4_0.webp
神社境内_1_1,00/1_1_1.webp
神社境内_2_1,00/1_2_1.webp
神社境内_3_1,00/1_3_1.webp
神社境内_4_1,00/1_4_1.webp

红魔馆正门_1_0,03/1_1_0.webp
红魔馆正门_2_0,03/1_2_0.webp
红魔馆正门_3_0,03/1_3_0.webp
红魔馆正门_4_0,03/1_4_0.webp
红魔馆正门_1_1,03/1_1_1.webp
红魔馆正门_2_1,03/1_2_1.webp
红魔馆正门_3_1,03/1_3_1.webp
红魔馆正门_4_1,03/1_4_1.webp

竹林_1_0,04/1_1_0.webp
竹林_2_0,04/1_2_0.webp
竹林_3_0,04/1_3_0.webp
竹林_4_0,04/1_4_0.webp
竹林_1_1,04/1_1_1.webp
竹林_2_1,04/1_2_1.webp
竹林_3_1,04/1_3_1.webp
竹林_4_1,04/1_4_1.webp

