;------------------------------------------------------------
;その他 特殊 アニメーションなど
;------------------------------------------------------------
;COMF306 お腹を撫でる
=====================================================
お腹撫で0,お腹撫で.webp,0,0,180,180
お腹撫で1,お腹撫で.webp,180,0,180,180
お腹撫で2,お腹撫で.webp,360,0,180,180
お腹撫で3,お腹撫で.webp,0,180,180,180
お腹撫で4,お腹撫で.webp,180,180,180,180
お腹撫で5,お腹撫で.webp,360,180,180,180
お腹撫で6,お腹撫で.webp,0,360,180,180
お腹撫で7,お腹撫で.webp,180,360,180,180
お腹撫で8,お腹撫で.webp,360,360,180,180

お腹撫で_妊娠0,お腹撫で_妊娠.webp,0,0,180,180
お腹撫で_妊娠1,お腹撫で_妊娠.webp,180,0,180,180
お腹撫で_妊娠2,お腹撫で_妊娠.webp,360,0,180,180
お腹撫で_妊娠3,お腹撫で_妊娠.webp,0,180,180,180
お腹撫で_妊娠4,お腹撫で_妊娠.webp,180,180,180,180
お腹撫で_妊娠5,お腹撫で_妊娠.webp,360,180,180,180
お腹撫で_妊娠6,お腹撫で_妊娠.webp,0,360,180,180
お腹撫で_妊娠7,お腹撫で_妊娠.webp,180,360,180,180
お腹撫で_妊娠8,お腹撫で_妊娠.webp,360,360,180,180

;CMF310 尻を撫でる（下着名の前の数字はずらし可能下着のID）
=====================================================
;0.ノーパン
尻を撫でる_ノーパン_0,尻を撫でる.webp,0,0,180,180
尻を撫でる_ノーパン_1,尻を撫でる.webp,180,0,180,180
尻を撫でる_ノーパン_2,尻を撫でる.webp,360,0,180,180
尻を撫でる_ノーパン_3,尻を撫でる.webp,0,180,180,180
尻を撫でる_ノーパン_4,尻を撫でる.webp,180,180,180,180
尻を撫でる_ノーパン_5,尻を撫でる.webp,360,180,180,180
尻を撫でる_ノーパン_6,尻を撫でる.webp,0,360,180,180
尻を撫でる_ノーパン_7,尻を撫でる.webp,180,360,180,180
尻を撫でる_ノーパン_8,尻を撫でる.webp,360,360,180,180
尻を撫でる_ノーパン_9,尻を撫でる.webp,0,540,180,180
尻を撫でる_ノーパン_10,尻を撫でる.webp,180,540,180,180
尻を撫でる_ノーパン_11,尻を撫でる.webp,360,540,180,180
;2.ドロワ
尻を撫でる_ドロワ_0,尻を撫でる_ドロワ.webp,0,0,180,180
尻を撫でる_ドロワ_1,尻を撫でる_ドロワ.webp,180,0,180,180
尻を撫でる_ドロワ_2,尻を撫でる_ドロワ.webp,360,0,180,180
尻を撫でる_ドロワ_3,尻を撫でる_ドロワ.webp,0,180,180,180
尻を撫でる_ドロワ_4,尻を撫でる_ドロワ.webp,180,180,180,180
尻を撫でる_ドロワ_5,尻を撫でる_ドロワ.webp,360,180,180,180
尻を撫でる_ドロワ_6,尻を撫でる_ドロワ.webp,0,360,180,180
尻を撫でる_ドロワ_7,尻を撫でる_ドロワ.webp,180,360,180,180
尻を撫でる_ドロワ_8,尻を撫でる_ドロワ.webp,360,360,180,180
尻を撫でる_ドロワ_9,尻を撫でる_ドロワ.webp,0,540,180,180
尻を撫でる_ドロワ_10,尻を撫でる_ドロワ.webp,180,540,180,180
尻を撫でる_ドロワ_11,尻を撫でる_ドロワ.webp,360,540,180,180
;3.くまさん
尻を撫でる_くまさん_0,尻を撫でる_くまさん.webp,0,0,180,180
尻を撫でる_くまさん_1,尻を撫でる_くまさん.webp,180,0,180,180
尻を撫でる_くまさん_2,尻を撫でる_くまさん.webp,360,0,180,180
尻を撫でる_くまさん_3,尻を撫でる_くまさん.webp,0,180,180,180
尻を撫でる_くまさん_4,尻を撫でる_くまさん.webp,180,180,180,180
尻を撫でる_くまさん_5,尻を撫でる_くまさん.webp,360,180,180,180
尻を撫でる_くまさん_6,尻を撫でる_くまさん.webp,0,360,180,180
尻を撫でる_くまさん_7,尻を撫でる_くまさん.webp,180,360,180,180
尻を撫でる_くまさん_8,尻を撫でる_くまさん.webp,360,360,180,180
尻を撫でる_くまさん_9,尻を撫でる_くまさん.webp,0,540,180,180
尻を撫でる_くまさん_10,尻を撫でる_くまさん.webp,180,540,180,180
尻を撫でる_くまさん_11,尻を撫でる_くまさん.webp,360,540,180,180
;4.水玉
尻を撫でる_水玉_0,尻を撫でる_水玉.webp,0,0,180,180
尻を撫でる_水玉_1,尻を撫でる_水玉.webp,180,0,180,180
尻を撫でる_水玉_2,尻を撫でる_水玉.webp,360,0,180,180
尻を撫でる_水玉_3,尻を撫でる_水玉.webp,0,180,180,180
尻を撫でる_水玉_4,尻を撫でる_水玉.webp,180,180,180,180
尻を撫でる_水玉_5,尻を撫でる_水玉.webp,360,180,180,180
尻を撫でる_水玉_6,尻を撫でる_水玉.webp,0,360,180,180
尻を撫でる_水玉_7,尻を撫でる_水玉.webp,180,360,180,180
尻を撫でる_水玉_8,尻を撫でる_水玉.webp,360,360,180,180
尻を撫でる_水玉_9,尻を撫でる_水玉.webp,0,540,180,180
尻を撫でる_水玉_10,尻を撫でる_水玉.webp,180,540,180,180
尻を撫でる_水玉_11,尻を撫でる_水玉.webp,360,540,180,180
;5.しましま
尻を撫でる_しましま_0,尻を撫でる_しましま.webp,0,0,180,180
尻を撫でる_しましま_1,尻を撫でる_しましま.webp,180,0,180,180
尻を撫でる_しましま_2,尻を撫でる_しましま.webp,360,0,180,180
尻を撫でる_しましま_3,尻を撫でる_しましま.webp,0,180,180,180
尻を撫でる_しましま_4,尻を撫でる_しましま.webp,180,180,180,180
尻を撫でる_しましま_5,尻を撫でる_しましま.webp,360,180,180,180
尻を撫でる_しましま_6,尻を撫でる_しましま.webp,0,360,180,180
尻を撫でる_しましま_7,尻を撫でる_しましま.webp,180,360,180,180
尻を撫でる_しましま_8,尻を撫でる_しましま.webp,360,360,180,180
尻を撫でる_しましま_9,尻を撫でる_しましま.webp,0,540,180,180
尻を撫でる_しましま_10,尻を撫でる_しましま.webp,180,540,180,180
尻を撫でる_しましま_11,尻を撫でる_しましま.webp,360,540,180,180
;6.フリル
尻を撫でる_フリル_0,尻を撫でる_パンツ.webp,0,0,180,180
尻を撫でる_フリル_1,尻を撫でる_パンツ.webp,180,0,180,180
尻を撫でる_フリル_2,尻を撫でる_パンツ.webp,360,0,180,180
尻を撫でる_フリル_3,尻を撫でる_パンツ.webp,0,180,180,180
尻を撫でる_フリル_4,尻を撫でる_パンツ.webp,180,180,180,180
尻を撫でる_フリル_5,尻を撫でる_パンツ.webp,360,180,180,180
尻を撫でる_フリル_6,尻を撫でる_パンツ.webp,0,360,180,180
尻を撫でる_フリル_7,尻を撫でる_パンツ.webp,180,360,180,180
尻を撫でる_フリル_8,尻を撫でる_パンツ.webp,360,360,180,180
尻を撫でる_フリル_9,尻を撫でる_パンツ.webp,0,540,180,180
尻を撫でる_フリル_10,尻を撫でる_パンツ.webp,180,540,180,180
尻を撫でる_フリル_11,尻を撫でる_パンツ.webp,360,540,180,180
;7.無地
尻を撫でる_無地_0,尻を撫でる_無地.webp,0,0,180,180
尻を撫でる_無地_1,尻を撫でる_無地.webp,180,0,180,180
尻を撫でる_無地_2,尻を撫でる_無地.webp,360,0,180,180
尻を撫でる_無地_3,尻を撫でる_無地.webp,0,180,180,180
尻を撫でる_無地_4,尻を撫でる_無地.webp,180,180,180,180
尻を撫でる_無地_5,尻を撫でる_無地.webp,360,180,180,180
尻を撫でる_無地_6,尻を撫でる_無地.webp,0,360,180,180
尻を撫でる_無地_7,尻を撫でる_無地.webp,180,360,180,180
尻を撫でる_無地_8,尻を撫でる_無地.webp,360,360,180,180
尻を撫でる_無地_9,尻を撫でる_無地.webp,0,540,180,180
尻を撫でる_無地_10,尻を撫でる_無地.webp,180,540,180,180
尻を撫でる_無地_11,尻を撫でる_無地.webp,360,540,180,180
;10.ローレグ
尻を撫でる_ローレグ_0,尻を撫でる_ローレグ.webp,0,0,180,180
尻を撫でる_ローレグ_1,尻を撫でる_ローレグ.webp,180,0,180,180
尻を撫でる_ローレグ_2,尻を撫でる_ローレグ.webp,360,0,180,180
尻を撫でる_ローレグ_3,尻を撫でる_ローレグ.webp,0,180,180,180
尻を撫でる_ローレグ_4,尻を撫でる_ローレグ.webp,180,180,180,180
尻を撫でる_ローレグ_5,尻を撫でる_ローレグ.webp,360,180,180,180
尻を撫でる_ローレグ_6,尻を撫でる_ローレグ.webp,0,360,180,180
尻を撫でる_ローレグ_7,尻を撫でる_ローレグ.webp,180,360,180,180
尻を撫でる_ローレグ_8,尻を撫でる_ローレグ.webp,360,360,180,180
尻を撫でる_ローレグ_9,尻を撫でる_ローレグ.webp,0,540,180,180
尻を撫でる_ローレグ_10,尻を撫でる_ローレグ.webp,180,540,180,180
尻を撫でる_ローレグ_11,尻を撫でる_ローレグ.webp,360,540,180,180
;11.ローライズ
尻を撫でる_ローライズ_0,尻を撫でる_ローライズ.webp,0,0,180,180
尻を撫でる_ローライズ_1,尻を撫でる_ローライズ.webp,180,0,180,180
尻を撫でる_ローライズ_2,尻を撫でる_ローライズ.webp,360,0,180,180
尻を撫でる_ローライズ_3,尻を撫でる_ローライズ.webp,0,180,180,180
尻を撫でる_ローライズ_4,尻を撫でる_ローライズ.webp,180,180,180,180
尻を撫でる_ローライズ_5,尻を撫でる_ローライズ.webp,360,180,180,180
尻を撫でる_ローライズ_6,尻を撫でる_ローライズ.webp,0,360,180,180
尻を撫でる_ローライズ_7,尻を撫でる_ローライズ.webp,180,360,180,180
尻を撫でる_ローライズ_8,尻を撫でる_ローライズ.webp,360,360,180,180
尻を撫でる_ローライズ_9,尻を撫でる_ローライズ.webp,0,540,180,180
尻を撫でる_ローライズ_10,尻を撫でる_ローライズ.webp,180,540,180,180
尻を撫でる_ローライズ_11,尻を撫でる_ローライズ.webp,360,540,180,180
;12.ハイレグ
尻を撫でる_ハイレグ_0,尻を撫でる_ハイレグ.webp,0,0,180,180
尻を撫でる_ハイレグ_1,尻を撫でる_ハイレグ.webp,180,0,180,180
尻を撫でる_ハイレグ_2,尻を撫でる_ハイレグ.webp,360,0,180,180
尻を撫でる_ハイレグ_3,尻を撫でる_ハイレグ.webp,0,180,180,180
尻を撫でる_ハイレグ_4,尻を撫でる_ハイレグ.webp,180,180,180,180
尻を撫でる_ハイレグ_5,尻を撫でる_ハイレグ.webp,360,180,180,180
尻を撫でる_ハイレグ_6,尻を撫でる_ハイレグ.webp,0,360,180,180
尻を撫でる_ハイレグ_7,尻を撫でる_ハイレグ.webp,180,360,180,180
尻を撫でる_ハイレグ_8,尻を撫でる_ハイレグ.webp,360,360,180,180
尻を撫でる_ハイレグ_9,尻を撫でる_ハイレグ.webp,0,540,180,180
尻を撫でる_ハイレグ_10,尻を撫でる_ハイレグ.webp,180,540,180,180
尻を撫でる_ハイレグ_11,尻を撫でる_ハイレグ.webp,360,540,180,180
;13.白レース
尻を撫でる_白レース_0,尻を撫でる_白レース.webp,0,0,180,180
尻を撫でる_白レース_1,尻を撫でる_白レース.webp,180,0,180,180
尻を撫でる_白レース_2,尻を撫でる_白レース.webp,360,0,180,180
尻を撫でる_白レース_3,尻を撫でる_白レース.webp,0,180,180,180
尻を撫でる_白レース_4,尻を撫でる_白レース.webp,180,180,180,180
尻を撫でる_白レース_5,尻を撫でる_白レース.webp,360,180,180,180
尻を撫でる_白レース_6,尻を撫でる_白レース.webp,0,360,180,180
尻を撫でる_白レース_7,尻を撫でる_白レース.webp,180,360,180,180
尻を撫でる_白レース_8,尻を撫でる_白レース.webp,360,360,180,180
尻を撫でる_白レース_9,尻を撫でる_白レース.webp,0,540,180,180
尻を撫でる_白レース_10,尻を撫でる_白レース.webp,180,540,180,180
尻を撫でる_白レース_11,尻を撫でる_白レース.webp,360,540,180,180
;14.黒レース
尻を撫でる_黒レース_0,尻を撫でる_黒レース.webp,0,0,180,180
尻を撫でる_黒レース_1,尻を撫でる_黒レース.webp,180,0,180,180
尻を撫でる_黒レース_2,尻を撫でる_黒レース.webp,360,0,180,180
尻を撫でる_黒レース_3,尻を撫でる_黒レース.webp,0,180,180,180
尻を撫でる_黒レース_4,尻を撫でる_黒レース.webp,180,180,180,180
尻を撫でる_黒レース_5,尻を撫でる_黒レース.webp,360,180,180,180
尻を撫でる_黒レース_6,尻を撫でる_黒レース.webp,0,360,180,180
尻を撫でる_黒レース_7,尻を撫でる_黒レース.webp,180,360,180,180
尻を撫でる_黒レース_8,尻を撫でる_黒レース.webp,360,360,180,180
尻を撫でる_黒レース_9,尻を撫でる_黒レース.webp,0,540,180,180
尻を撫でる_黒レース_10,尻を撫でる_黒レース.webp,180,540,180,180
尻を撫でる_黒レース_11,尻を撫でる_黒レース.webp,360,540,180,180
;15.Tバック
尻を撫でる_Tバック_0,尻を撫でる_Tバック.webp,0,0,180,180
尻を撫でる_Tバック_1,尻を撫でる_Tバック.webp,180,0,180,180
尻を撫でる_Tバック_2,尻を撫でる_Tバック.webp,360,0,180,180
尻を撫でる_Tバック_3,尻を撫でる_Tバック.webp,0,180,180,180
尻を撫でる_Tバック_4,尻を撫でる_Tバック.webp,180,180,180,180
尻を撫でる_Tバック_5,尻を撫でる_Tバック.webp,360,180,180,180
尻を撫でる_Tバック_6,尻を撫でる_Tバック.webp,0,360,180,180
尻を撫でる_Tバック_7,尻を撫でる_Tバック.webp,180,360,180,180
尻を撫でる_Tバック_8,尻を撫でる_Tバック.webp,360,360,180,180
尻を撫でる_Tバック_9,尻を撫でる_Tバック.webp,0,540,180,180
尻を撫でる_Tバック_10,尻を撫でる_Tバック.webp,180,540,180,180
尻を撫でる_Tバック_11,尻を撫でる_Tバック.webp,360,540,180,180
;16.紐パン
尻を撫でる_紐パン_0,尻を撫でる_紐パン.webp,0,0,180,180
尻を撫でる_紐パン_1,尻を撫でる_紐パン.webp,180,0,180,180
尻を撫でる_紐パン_2,尻を撫でる_紐パン.webp,360,0,180,180
尻を撫でる_紐パン_3,尻を撫でる_紐パン.webp,0,180,180,180
尻を撫でる_紐パン_4,尻を撫でる_紐パン.webp,180,180,180,180
尻を撫でる_紐パン_5,尻を撫でる_紐パン.webp,360,180,180,180
尻を撫でる_紐パン_6,尻を撫でる_紐パン.webp,0,360,180,180
尻を撫でる_紐パン_7,尻を撫でる_紐パン.webp,180,360,180,180
尻を撫でる_紐パン_8,尻を撫でる_紐パン.webp,360,360,180,180
尻を撫でる_紐パン_9,尻を撫でる_紐パン.webp,0,540,180,180
尻を撫でる_紐パン_10,尻を撫でる_紐パン.webp,180,540,180,180
尻を撫でる_紐パン_11,尻を撫でる_紐パン.webp,360,540,180,180
;17.レザー
尻を撫でる_レザー_0,尻を撫でる_レザー.webp,0,0,180,180
尻を撫でる_レザー_1,尻を撫でる_レザー.webp,180,0,180,180
尻を撫でる_レザー_2,尻を撫でる_レザー.webp,360,0,180,180
尻を撫でる_レザー_3,尻を撫でる_レザー.webp,0,180,180,180
尻を撫でる_レザー_4,尻を撫でる_レザー.webp,180,180,180,180
尻を撫でる_レザー_5,尻を撫でる_レザー.webp,360,180,180,180
尻を撫でる_レザー_6,尻を撫でる_レザー.webp,0,360,180,180
尻を撫でる_レザー_7,尻を撫でる_レザー.webp,180,360,180,180
尻を撫でる_レザー_8,尻を撫でる_レザー.webp,360,360,180,180
尻を撫でる_レザー_9,尻を撫でる_レザー.webp,0,540,180,180
尻を撫でる_レザー_10,尻を撫でる_レザー.webp,180,540,180,180
尻を撫でる_レザー_11,尻を撫でる_レザー.webp,360,540,180,180
;19.ショーツ
尻を撫でる_ショーツ_0,尻を撫でる_ショーツ.webp,0,0,180,180
尻を撫でる_ショーツ_1,尻を撫でる_ショーツ.webp,180,0,180,180
尻を撫でる_ショーツ_2,尻を撫でる_ショーツ.webp,360,0,180,180
尻を撫でる_ショーツ_3,尻を撫でる_ショーツ.webp,0,180,180,180
尻を撫でる_ショーツ_4,尻を撫でる_ショーツ.webp,180,180,180,180
尻を撫でる_ショーツ_5,尻を撫でる_ショーツ.webp,360,180,180,180
尻を撫でる_ショーツ_6,尻を撫でる_ショーツ.webp,0,360,180,180
尻を撫でる_ショーツ_7,尻を撫でる_ショーツ.webp,180,360,180,180
尻を撫でる_ショーツ_8,尻を撫でる_ショーツ.webp,360,360,180,180
尻を撫でる_ショーツ_9,尻を撫でる_ショーツ.webp,0,540,180,180
尻を撫でる_ショーツ_10,尻を撫でる_ショーツ.webp,180,540,180,180
尻を撫でる_ショーツ_11,尻を撫でる_ショーツ.webp,360,540,180,180
;20.スキャンティ
尻を撫でる_スキャンティ_0,尻を撫でる_スキャンティ.webp,0,0,180,180
尻を撫でる_スキャンティ_1,尻を撫でる_スキャンティ.webp,180,0,180,180
尻を撫でる_スキャンティ_2,尻を撫でる_スキャンティ.webp,360,0,180,180
尻を撫でる_スキャンティ_3,尻を撫でる_スキャンティ.webp,0,180,180,180
尻を撫でる_スキャンティ_4,尻を撫でる_スキャンティ.webp,180,180,180,180
尻を撫でる_スキャンティ_5,尻を撫でる_スキャンティ.webp,360,180,180,180
尻を撫でる_スキャンティ_6,尻を撫でる_スキャンティ.webp,0,360,180,180
尻を撫でる_スキャンティ_7,尻を撫でる_スキャンティ.webp,180,360,180,180
尻を撫でる_スキャンティ_8,尻を撫でる_スキャンティ.webp,360,360,180,180
尻を撫でる_スキャンティ_9,尻を撫でる_スキャンティ.webp,0,540,180,180
尻を撫でる_スキャンティ_10,尻を撫でる_スキャンティ.webp,180,540,180,180
尻を撫でる_スキャンティ_11,尻を撫でる_スキャンティ.webp,360,540,180,180
;21.ふんどし
尻を撫でる_ふんどし_0,尻を撫でる_ふんどし.webp,0,0,180,180
尻を撫でる_ふんどし_1,尻を撫でる_ふんどし.webp,180,0,180,180
尻を撫でる_ふんどし_2,尻を撫でる_ふんどし.webp,360,0,180,180
尻を撫でる_ふんどし_3,尻を撫でる_ふんどし.webp,0,180,180,180
尻を撫でる_ふんどし_4,尻を撫でる_ふんどし.webp,180,180,180,180
尻を撫でる_ふんどし_5,尻を撫でる_ふんどし.webp,360,180,180,180
尻を撫でる_ふんどし_6,尻を撫でる_ふんどし.webp,0,360,180,180
尻を撫でる_ふんどし_7,尻を撫でる_ふんどし.webp,180,360,180,180
尻を撫でる_ふんどし_8,尻を撫でる_ふんどし.webp,360,360,180,180
尻を撫でる_ふんどし_9,尻を撫でる_ふんどし.webp,0,540,180,180
尻を撫でる_ふんどし_10,尻を撫でる_ふんどし.webp,180,540,180,180
尻を撫でる_ふんどし_11,尻を撫でる_ふんどし.webp,360,540,180,180
;22.Gストリング
尻を撫でる_Gストリング_0,尻を撫でる_Gストリング.webp,0,0,180,180
尻を撫でる_Gストリング_1,尻を撫でる_Gストリング.webp,180,0,180,180
尻を撫でる_Gストリング_2,尻を撫でる_Gストリング.webp,360,0,180,180
尻を撫でる_Gストリング_3,尻を撫でる_Gストリング.webp,0,180,180,180
尻を撫でる_Gストリング_4,尻を撫でる_Gストリング.webp,180,180,180,180
尻を撫でる_Gストリング_5,尻を撫でる_Gストリング.webp,360,180,180,180
尻を撫でる_Gストリング_6,尻を撫でる_Gストリング.webp,0,360,180,180
尻を撫でる_Gストリング_7,尻を撫でる_Gストリング.webp,180,360,180,180
尻を撫でる_Gストリング_8,尻を撫でる_Gストリング.webp,360,360,180,180
尻を撫でる_Gストリング_9,尻を撫でる_Gストリング.webp,0,540,180,180
尻を撫でる_Gストリング_10,尻を撫でる_Gストリング.webp,180,540,180,180
尻を撫でる_Gストリング_11,尻を撫でる_Gストリング.webp,360,540,180,180
;23.シースルー
尻を撫でる_シースルー_0,尻を撫でる_シースルー.webp,0,0,180,180
尻を撫でる_シースルー_1,尻を撫でる_シースルー.webp,180,0,180,180
尻を撫でる_シースルー_2,尻を撫でる_シースルー.webp,360,0,180,180
尻を撫でる_シースルー_3,尻を撫でる_シースルー.webp,0,180,180,180
尻を撫でる_シースルー_4,尻を撫でる_シースルー.webp,180,180,180,180
尻を撫でる_シースルー_5,尻を撫でる_シースルー.webp,360,180,180,180
尻を撫でる_シースルー_6,尻を撫でる_シースルー.webp,0,360,180,180
尻を撫でる_シースルー_7,尻を撫でる_シースルー.webp,180,360,180,180
尻を撫でる_シースルー_8,尻を撫でる_シースルー.webp,360,360,180,180
尻を撫でる_シースルー_9,尻を撫でる_シースルー.webp,0,540,180,180
尻を撫でる_シースルー_10,尻を撫でる_シースルー.webp,180,540,180,180
尻を撫でる_シースルー_11,尻を撫でる_シースルー.webp,360,540,180,180
;24.オープン
尻を撫でる_オープン_0,尻を撫でる_オープン.webp,0,0,180,180
尻を撫でる_オープン_1,尻を撫でる_オープン.webp,180,0,180,180
尻を撫でる_オープン_2,尻を撫でる_オープン.webp,360,0,180,180
尻を撫でる_オープン_3,尻を撫でる_オープン.webp,0,180,180,180
尻を撫でる_オープン_4,尻を撫でる_オープン.webp,180,180,180,180
尻を撫でる_オープン_5,尻を撫でる_オープン.webp,360,180,180,180
尻を撫でる_オープン_6,尻を撫でる_オープン.webp,0,360,180,180
尻を撫でる_オープン_7,尻を撫でる_オープン.webp,180,360,180,180
尻を撫でる_オープン_8,尻を撫でる_オープン.webp,360,360,180,180
尻を撫でる_オープン_9,尻を撫でる_オープン.webp,0,540,180,180
尻を撫でる_オープン_10,尻を撫でる_オープン.webp,180,540,180,180
尻を撫でる_オープン_11,尻を撫でる_オープン.webp,360,540,180,180
;25.ばんそうこう
尻を撫でる_ばんそうこう_0,尻を撫でる.webp,0,0,180,180
尻を撫でる_ばんそうこう_1,尻を撫でる.webp,180,0,180,180
尻を撫でる_ばんそうこう_2,尻を撫でる.webp,360,0,180,180
尻を撫でる_ばんそうこう_3,尻を撫でる.webp,0,180,180,180
尻を撫でる_ばんそうこう_4,尻を撫でる.webp,180,180,180,180
尻を撫でる_ばんそうこう_5,尻を撫でる.webp,360,180,180,180
尻を撫でる_ばんそうこう_6,尻を撫でる.webp,0,360,180,180
尻を撫でる_ばんそうこう_7,尻を撫でる.webp,180,360,180,180
尻を撫でる_ばんそうこう_8,尻を撫でる.webp,360,360,180,180
尻を撫でる_ばんそうこう_9,尻を撫でる.webp,0,540,180,180
尻を撫でる_ばんそうこう_10,尻を撫でる.webp,180,540,180,180
尻を撫でる_ばんそうこう_11,尻を撫でる.webp,360,540,180,180
;26.穴あきドロワ
尻を撫でる_穴あきドロワ_0,尻を撫でる_穴あきドロワ.webp,0,0,180,180
尻を撫でる_穴あきドロワ_1,尻を撫でる_穴あきドロワ.webp,180,0,180,180
尻を撫でる_穴あきドロワ_2,尻を撫でる_穴あきドロワ.webp,360,0,180,180
尻を撫でる_穴あきドロワ_3,尻を撫でる_穴あきドロワ.webp,0,180,180,180
尻を撫でる_穴あきドロワ_4,尻を撫でる_穴あきドロワ.webp,180,180,180,180
尻を撫でる_穴あきドロワ_5,尻を撫でる_穴あきドロワ.webp,360,180,180,180
尻を撫でる_穴あきドロワ_6,尻を撫でる_穴あきドロワ.webp,0,360,180,180
尻を撫でる_穴あきドロワ_7,尻を撫でる_穴あきドロワ.webp,180,360,180,180
尻を撫でる_穴あきドロワ_8,尻を撫でる_穴あきドロワ.webp,360,360,180,180
尻を撫でる_穴あきドロワ_9,尻を撫でる_穴あきドロワ.webp,0,540,180,180
尻を撫でる_穴あきドロワ_10,尻を撫でる_穴あきドロワ.webp,180,540,180,180
尻を撫でる_穴あきドロワ_11,尻を撫でる_穴あきドロワ.webp,360,540,180,180
;27.貞操帯
尻を撫でる_貞操帯_0,尻を撫でる_貞操帯.webp,0,0,180,180
尻を撫でる_貞操帯_1,尻を撫でる_貞操帯.webp,180,0,180,180
尻を撫でる_貞操帯_2,尻を撫でる_貞操帯.webp,360,0,180,180
尻を撫でる_貞操帯_3,尻を撫でる_貞操帯.webp,0,180,180,180
尻を撫でる_貞操帯_4,尻を撫でる_貞操帯.webp,180,180,180,180
尻を撫でる_貞操帯_5,尻を撫でる_貞操帯.webp,360,180,180,180
尻を撫でる_貞操帯_6,尻を撫でる_貞操帯.webp,0,360,180,180
尻を撫でる_貞操帯_7,尻を撫でる_貞操帯.webp,180,360,180,180
尻を撫でる_貞操帯_8,尻を撫でる_貞操帯.webp,360,360,180,180
尻を撫でる_貞操帯_9,尻を撫でる_貞操帯.webp,0,540,180,180
尻を撫でる_貞操帯_10,尻を撫でる_貞操帯.webp,180,540,180,180
尻を撫でる_貞操帯_11,尻を撫でる_貞操帯.webp,360,540,180,180
;31.ビキニ
尻を撫でる_ビキニ_0,尻を撫でる_ビキニ.webp,0,0,180,180
尻を撫でる_ビキニ_1,尻を撫でる_ビキニ.webp,180,0,180,180
尻を撫でる_ビキニ_2,尻を撫でる_ビキニ.webp,360,0,180,180
尻を撫でる_ビキニ_3,尻を撫でる_ビキニ.webp,0,180,180,180
尻を撫でる_ビキニ_4,尻を撫でる_ビキニ.webp,180,180,180,180
尻を撫でる_ビキニ_5,尻を撫でる_ビキニ.webp,360,180,180,180
尻を撫でる_ビキニ_6,尻を撫でる_ビキニ.webp,0,360,180,180
尻を撫でる_ビキニ_7,尻を撫でる_ビキニ.webp,180,360,180,180
尻を撫でる_ビキニ_8,尻を撫でる_ビキニ.webp,360,360,180,180
尻を撫でる_ビキニ_9,尻を撫でる_ビキニ.webp,0,540,180,180
尻を撫でる_ビキニ_10,尻を撫でる_ビキニ.webp,180,540,180,180
尻を撫でる_ビキニ_11,尻を撫でる_ビキニ.webp,360,540,180,180
;32.Mボトム
尻を撫でる_Mボトム_0,尻を撫でる_Mボトム.webp,0,0,180,180
尻を撫でる_Mボトム_1,尻を撫でる_Mボトム.webp,180,0,180,180
尻を撫でる_Mボトム_2,尻を撫でる_Mボトム.webp,360,0,180,180
尻を撫でる_Mボトム_3,尻を撫でる_Mボトム.webp,0,180,180,180
尻を撫でる_Mボトム_4,尻を撫でる_Mボトム.webp,180,180,180,180
尻を撫でる_Mボトム_5,尻を撫でる_Mボトム.webp,360,180,180,180
尻を撫でる_Mボトム_6,尻を撫でる_Mボトム.webp,0,360,180,180
尻を撫でる_Mボトム_7,尻を撫でる_Mボトム.webp,180,360,180,180
尻を撫でる_Mボトム_8,尻を撫でる_Mボトム.webp,360,360,180,180
尻を撫でる_Mボトム_9,尻を撫でる_Mボトム.webp,0,540,180,180
尻を撫でる_Mボトム_10,尻を撫でる_Mボトム.webp,180,540,180,180
尻を撫でる_Mボトム_11,尻を撫でる_Mボトム.webp,360,540,180,180

;COMF330 スカートをめくる
=====================================================
スカートめくり0,スカートめくり.webp,0,0,180,180
スカートめくり1,スカートめくり.webp,180,0,180,180
スカートめくり2,スカートめくり.webp,360,0,180,180
スカートめくり3,スカートめくり.webp,540,0,180,180
スカートめくり4,スカートめくり.webp,0,180,180,180
スカートめくり5,スカートめくり.webp,180,180,180,180
スカートめくり6,スカートめくり.webp,360,180,180,180
スカートめくり7,スカートめくり.webp,540,180,180,180
スカートめくり8,スカートめくり.webp,0,360,180,180
スカートめくり9,スカートめくり.webp,180,360,180,180
スカートめくり10,スカートめくり.webp,360,360,180,180
スカートめくり11,スカートめくり.webp,540,360,180,180
スカートめくり12,スカートめくり.webp,0,540,180,180
スカートめくり13,スカートめくり.webp,180,540,180,180
スカートめくり14,スカートめくり.webp,360,540,180,180
スカートめくり15,スカートめくり.webp,540,540,180,180
スカートめくり16,スカートめくり.webp,0,720,180,180
スカートめくり17,スカートめくり.webp,180,720,180,180
スカートめくり18,スカートめくり.webp,360,720,180,180
スカートめくり19,スカートめくり.webp,540,720,180,180
スカートめくり20,スカートめくり.webp,0,900,180,180
スカートめくり21,スカートめくり.webp,180,900,180,180
スカートめくり22,スカートめくり.webp,360,900,180,180
スカートめくり23,スカートめくり.webp,540,900,180,180
スカートめくり24,スカートめくり.webp,0,1080,180,180
スカートめくり25,スカートめくり.webp,0,1260,180,180
スカートめくり26,スカートめくり.webp,180,1260,180,180