bodyGraph_B_wing,000_底.png,0,0,250,250
bodyGraph_B_wing_5,005_サ二ー.png,0,0,250,250
bodyGraph_B_wing_6,006_ルナ.png,0,0,250,250
bodyGraph_B_wing_7,007_スター.png,0,0,250,250
bodyGraph_B_wing_13,013_大妖精.png,0,0,250,250
bodyGraph_B_wing_14,014_チルノ.png,0,0,250,250
bodyGraph_B_wing_16,016_レミ.png,0,0,250,250
bodyGraph_B_wing_18,018_りりー.png,0,0,250,250
bodyGraph_B_wing_19,018_りりー.png,0,0,250,250
bodyGraph_B_wing_28,028_ミスチー.png,0,0,250,250
bodyGraph_B_wing_29,029_文.png,0,0,250,250
bodyGraph_B_wing_37,037_阿空.png,0,0,250,250
bodyGraph_B_wing_41,041_鵺.png,0,0,250,250
bodyGraph_B_wing_42,042_果.png,0,0,250,250
bodyGraph_B_wing_50,050_フラン.png,0,0,250,250
bodyGraph_B_wing_59,059_小悪魔.png,0,0,250,250
bodyGraph_B_wing_101,101_トキ子.png,0,0,250,250
bodyGraph_B_wing_105,105_舞.png,0,0,250,250
bodyGraph_B_wing_110,110_探女.png,0,0,250,250
bodyGraph_B_wing_111,111_クラウンピース.png,0,0,250,250
bodyGraph_B_wing_114,114_くるみ.png,0,0,250,250
bodyGraph_B_wing_117,117_幻月.png,0,0,250,250
bodyGraph_B_wing_118,118_ラルバ.png,0,0,250,250
bodyGraph_B_wing_129,129_くたか.png,0,0,250,250
bodyGraph_B_wing_146,146_エリス.png,0,0,250,250
bodyGraph_B_wing_147,147_サリエル.png,0,0,250,250
