bodyGraph_A_わかさぎ,尻_ワカサギ.png,0,0,250,250
bodyGraph_A_わかさぎ_未知,尻_ワカサギ.png,0,0,250,250
bodyGraph_A_hole_わかさぎ_BASE,肛門_ワカサギ.png,0,0,250,250
bodyGraph_V_わかさぎ,私處_ワカサギ.png,0,0,250,250
bodyGraph_V_わかさぎ_未知,未知_ワカサギ.png,0,0,250,250
bodyGraph_V_pussy_わかさぎ_処,幼_ワカサギ.png,0,0,250,250
bodyGraph_V_pussy_わかさぎ_幼,幼_ワカサギ.png,0,0,250,250
bodyGraph_V_pussy_わかさぎ_小,小_ワカサギ.png,0,0,250,250
bodyGraph_V_pussy_わかさぎ_並,並_ワカサギ.png,0,0,250,250
bodyGraph_V_pussy_わかさぎ_大,長_ワカサギ.png,0,0,250,250
bodyGraph_V_pussy_わかさぎ_精a1,精液_ワカサギ1.png,0,0,250,250
bodyGraph_V_pussy_わかさぎ_精a2,精液_ワカサギ1.png,0,0,250,250
bodyGraph_V_pussy_わかさぎ_精a3,精液_ワカサギ2.png,0,0,250,250
bodyGraph_V_pussy_わかさぎ_精a4,精液_ワカサギ2.png,0,0,250,250
bodyGraph_V_pussy_わかさぎ_精a5,精液_ワカサギ3.png,0,0,250,250
bodyGraph_V_pussy_わかさぎ_精b1,精液_ワカサギ1.png,0,0,250,250
bodyGraph_V_pussy_わかさぎ_精b2,精液_ワカサギ1.png,0,0,250,250
bodyGraph_V_pussy_わかさぎ_精b3,精液_ワカサギ2.png,0,0,250,250
bodyGraph_V_pussy_わかさぎ_精b4,精液_ワカサギ2.png,0,0,250,250
bodyGraph_V_pussy_わかさぎ_精b5,精液_ワカサギ3.png,0,0,250,250
bodyGraph_V_pussy_わかさぎ_手,手.png,0,0,250,250
