bodyGraph_M_口外_髮_1,靈夢.png,0,0,250,250
bodyGraph_M_口外_髮_2,留琴.png,0,0,250,250
bodyGraph_M_口外_髮_3,卡娜.png,0,0,250,250
bodyGraph_M_口外_髮_4,魅魔.png,0,0,250,250
bodyGraph_M_口外_髮_5,桑尼.png,0,0,250,250
bodyGraph_M_口外_髮_6,露娜.png,0,0,250,250
bodyGraph_M_口外_髮_7,斯塔.png,0,0,250,250
bodyGraph_M_口外_髮_8,千百合.png,0,0,250,250
bodyGraph_M_口外_髮_9,夢美.png,0,0,250,250
bodyGraph_M_口外_髮_10,萃香.png,0,0,250,250
bodyGraph_M_口外_髮_11,魔理沙.png,0,0,250,250
bodyGraph_M_口外_髮_12,露米婭.png,0,0,250,250
bodyGraph_M_口外_髮_13,大妖精.png,0,0,250,250
bodyGraph_M_口外_髮_14,琪露諾.png,0,0,250,250
bodyGraph_M_口外_髮_15,咲夜.png,0,0,250,250
bodyGraph_M_口外_髮_16,蕾米莉亞.png,0,0,250,250
bodyGraph_M_口外_髮_17,愛麗絲.png,0,0,250,250
bodyGraph_M_口外_髮_18,莉莉白.png,0,0,250,250
bodyGraph_M_口外_髮_19,莉莉黑.png,0,0,250,250
bodyGraph_M_口外_髮_20,莉莉卡.png,0,0,250,250
bodyGraph_M_口外_髮_21,梅露蘭.png,0,0,250,250
bodyGraph_M_口外_髮_22,露娜薩.png,0,0,250,250
bodyGraph_M_口外_髮_23,妖夢.png,0,0,250,250
bodyGraph_M_口外_髮_24,橙.png,0,0,250,250
bodyGraph_M_口外_髮_25,藍.png,0,0,250,250
bodyGraph_M_口外_髮_26,紫.png,0,0,250,250
bodyGraph_M_口外_髮_27,莉格露.png,0,0,250,250
bodyGraph_M_口外_髮_28,米斯蒂婭.png,0,0,250,250
bodyGraph_M_口外_髮_29,文.png,0,0,250,250
bodyGraph_M_口外_髮_30,映姬.png,0,0,250,250
bodyGraph_M_口外_髮_31,早苗.png,0,0,250,250
bodyGraph_M_口外_髮_32,神奈子.png,0,0,250,250
bodyGraph_M_口外_髮_33,諏訪子.png,0,0,250,250
bodyGraph_M_口外_髮_34,天子.png,0,0,250,250
bodyGraph_M_口外_髮_35,衣玖.png,0,0,250,250
bodyGraph_M_口外_髮_36,阿燐.png,0,0,250,250
bodyGraph_M_口外_髮_37,阿空.png,0,0,250,250
bodyGraph_M_口外_髮_38,戀.png,0,0,250,250
bodyGraph_M_口外_髮_39,娜茲玲.png,0,0,250,250
bodyGraph_M_口外_髮_40,小傘.png,0,0,250,250
bodyGraph_M_口外_髮_41,鵺.png,0,0,250,250
bodyGraph_M_口外_髮_42,果.png,0,0,250,250
bodyGraph_M_口外_髮_43,影華扇.png,0,0,250,250
bodyGraph_M_口外_髮_44,愛蓮.png,0,0,250,250
bodyGraph_M_口外_髮_45,理香子.png,0,0,250,250
bodyGraph_M_口外_髮_46,明羅.png,0,0,250,250
bodyGraph_M_口外_髮_47,里香.png,0,0,250,250
bodyGraph_M_口外_髮_48,露易兹.png,0,0,250,250
bodyGraph_M_口外_髮_49,覺.png,0,0,250,250
bodyGraph_M_口外_髮_50,芙蘭.png,0,0,250,250
bodyGraph_M_口外_髮_51,荷取.png,0,0,250,250
bodyGraph_M_口外_髮_52,鈴仙.png,0,0,250,250
bodyGraph_M_口外_髮_53,天為.png,0,0,250,250
bodyGraph_M_口外_髮_54,帕秋莉.png,0,0,250,250
bodyGraph_M_口外_髮_55,白蓮.png,0,0,250,250
bodyGraph_M_口外_髮_56,神子.png,0,0,250,250
bodyGraph_M_口外_髮_57,心.png,0,0,250,250
bodyGraph_M_口外_髮_58,美鈴.png,0,0,250,250
bodyGraph_M_口外_髮_59,小惡魔.png,0,0,250,250
bodyGraph_M_口外_髮_60,帕露西.png,0,0,250,250
bodyGraph_M_口外_髮_61,妹紅.png,0,0,250,250
bodyGraph_M_口外_髮_62,輝夜.png,0,0,250,250
bodyGraph_M_口外_髮_63,影狼.png,0,0,250,250
bodyGraph_M_口外_髮_64,勇儀.png,0,0,250,250
bodyGraph_M_口外_髮_65,椛.png,0,0,250,250
bodyGraph_M_口外_髮_66,幽幽子.png,0,0,250,250
bodyGraph_M_口外_髮_67,慧音.png,0,0,250,250
bodyGraph_M_口外_髮_68,幽香.png,0,0,250,250
bodyGraph_M_口外_髮_69,猯藏.png,0,0,250,250
bodyGraph_M_口外_髮_70,小鈴.png,0,0,250,250
bodyGraph_M_口外_髮_71,針妙丸.png,0,0,250,250
bodyGraph_M_口外_髮_72,永琳.png,0,0,250,250
bodyGraph_M_口外_髮_73,蠻奇.png,0,0,250,250
bodyGraph_M_口外_髮_74,蕾蒂.png,0,0,250,250
bodyGraph_M_口外_髮_75,梅蒂欣.png,0,0,250,250
bodyGraph_M_口外_髮_76,小町.png,0,0,250,250
bodyGraph_M_口外_髮_77,靜葉.png,0,0,250,250
bodyGraph_M_口外_髮_78,穰子.png,0,0,250,250
bodyGraph_M_口外_髮_79,雛.png,0,0,250,250
bodyGraph_M_口外_髮_80,阿求.png,0,0,250,250
bodyGraph_M_口外_髮_81,蓮子.png,0,0,250,250
bodyGraph_M_口外_髮_82,梅莉.png,0,0,250,250
bodyGraph_M_口外_髮_83,琪斯美.png,0,0,250,250
bodyGraph_M_口外_髮_84,山女.png,0,0,250,250
bodyGraph_M_口外_髮_85,一輪.png,0,0,250,250
bodyGraph_M_口外_髮_86,水蜜.png,0,0,250,250
bodyGraph_M_口外_髮_87,星.png,0,0,250,250
bodyGraph_M_口外_髮_88,響子.png,0,0,250,250
bodyGraph_M_口外_髮_89,芳香.png,0,0,250,250
bodyGraph_M_口外_髮_90,青娥.png,0,0,250,250
bodyGraph_M_口外_髮_91,屠自古.png,0,0,250,250
bodyGraph_M_口外_髮_92,布都.png,0,0,250,250
bodyGraph_M_口外_髮_93,若鷺姬.png,0,0,250,250
bodyGraph_M_口外_髮_94,弁弁.png,0,0,250,250
bodyGraph_M_口外_髮_95,八橋.png,0,0,250,250
bodyGraph_M_口外_髮_96,雷鼓.png,0,0,250,250
bodyGraph_M_口外_髮_97,正邪.png,0,0,250,250
bodyGraph_M_口外_髮_98,依姫.png,0,0,250,250
bodyGraph_M_口外_髮_99,豐姫.png,0,0,250,250
bodyGraph_M_口外_髮_100,泠仙.png,0,0,250,250
bodyGraph_M_口外_髮_101,朱鷺子.png,0,0,250,250
bodyGraph_M_口外_髮_102,神綺.png,0,0,250,250
bodyGraph_M_口外_髮_103,夢子.png,0,0,250,250
bodyGraph_M_口外_髮_104,雪.png,0,0,250,250
bodyGraph_M_口外_髮_105,舞（舊作）.png,0,0,250,250
bodyGraph_M_口外_髮_106,堇子.png,0,0,250,250
bodyGraph_M_口外_髮_107,清蘭.png,0,0,250,250
bodyGraph_M_口外_髮_108,鈴瑚.png,0,0,250,250
bodyGraph_M_口外_髮_109,哆來咪.png,0,0,250,250
bodyGraph_M_口外_髮_110,探女.png,0,0,250,250
bodyGraph_M_口外_髮_111,克勞恩皮絲.png,0,0,250,250
bodyGraph_M_口外_髮_112,純狐.png,0,0,250,250
bodyGraph_M_口外_髮_113,赫卡提亞.png,0,0,250,250
bodyGraph_M_口外_髮_114,胡桃.png,0,0,250,250
bodyGraph_M_口外_髮_115,艾麗.png,0,0,250,250
bodyGraph_M_口外_髮_116,夢月.png,0,0,250,250
bodyGraph_M_口外_髮_117,幻月.png,0,0,250,250
bodyGraph_M_口外_髮_118,拉爾瓦.png,0,0,250,250
bodyGraph_M_口外_髮_119,合歡.png,0,0,250,250
bodyGraph_M_口外_髮_120,阿吽.png,0,0,250,250
bodyGraph_M_口外_髮_121,成美.png,0,0,250,250
bodyGraph_M_口外_髮_122,丁禮田舞.png,0,0,250,250
bodyGraph_M_口外_髮_123,里乃.png,0,0,250,250
bodyGraph_M_口外_髮_124,隱岐奈.png,0,0,250,250
bodyGraph_M_口外_髮_125,女苑.png,0,0,250,250
bodyGraph_M_口外_髮_126,紫苑.png,0,0,250,250
bodyGraph_M_口外_髮_127,瓔花.png,0,0,250,250
bodyGraph_M_口外_髮_128,潤美.png,0,0,250,250
bodyGraph_M_口外_髮_129,久侘歌.png,0,0,250,250
bodyGraph_M_口外_髮_130,八千慧.png,0,0,250,250
bodyGraph_M_口外_髮_131,磨弓.png,0,0,250,250
bodyGraph_M_口外_髮_132,袿姬.png,0,0,250,250
bodyGraph_M_口外_髮_133,早鬼.png,0,0,250,250
bodyGraph_M_口外_髮_134,美宵.png,0,0,250,250
bodyGraph_M_口外_髮_135,三花.png,0,0,250,250
bodyGraph_M_口外_髮_136,高嶺.png,0,0,250,250
bodyGraph_M_口外_髮_137,山如.png,0,0,250,250
bodyGraph_M_口外_髮_138,魅須丸.png,0,0,250,250
bodyGraph_M_口外_髮_139,典.png,0,0,250,250
bodyGraph_M_口外_髮_140,龍.png,0,0,250,250
bodyGraph_M_口外_髮_141,千亦.png,0,0,250,250
bodyGraph_M_口外_髮_142,百百世.png,0,0,250,250
bodyGraph_M_口外_髮_143,尤魔.png,0,0,250,250
bodyGraph_M_口外_髮_144,影華扇.png,0,0,250,250
bodyGraph_M_口外_髮_145,小兔姬.png,0,0,250,250
bodyGraph_M_口外_髮_146,依莉斯.png,0,0,250,250
bodyGraph_M_口外_髮_147,薩麗愛爾.png,0,0,250,250
bodyGraph_M_口外_髮_148,薩拉.png,0,0,250,250
bodyGraph_M_口外_髮_149,奧蓮姬.png,0,0,250,250
bodyGraph_M_口外_髮_150,矜羯羅.png,0,0,250,250
bodyGraph_M_口外_髮_151,幽玄魔眼.png,0,0,250,250
bodyGraph_M_口外_髮_152,菊理.png,0,0,250,250
bodyGraph_M_口外_髮_153,美天.png,0,0,250,250
bodyGraph_M_口外_髮_154,慧之子.png,0,0,250,250
bodyGraph_M_口外_髮_155,血槍.png,0,0,250,250
bodyGraph_M_口外_髮_156,日狭美.png,0,0,250,250
bodyGraph_M_口外_髮_157,殘無.png,0,0,250,250
bodyGraph_M_口外_髮_158,瑞靈.png,0,0,250,250
bodyGraph_M_口外_髮_161,ウバメ.png,0,0,250,250
bodyGraph_M_口外_髮_162,チミ.png,0,0,250,250
bodyGraph_M_口外_髮_163,馴子.png,0,0,250,250
bodyGraph_M_口外_髮_164,浅間.png,0,0,250,250
bodyGraph_M_口外_髮_165,阿梨夜.png,0,0,250,250
bodyGraph_M_口外_髮_165_2,阿梨夜（仮面なし）.png,0,0,250,250
bodyGraph_M_口外_髮_166,ニナ.png,0,0,250,250