別立ち2_服_笑顔动_2,ANIME,470,470
別立ち2_服_笑顔动_2,服_笑顔动.webp,0,0,451,470,10,0,42
別立ち2_服_笑顔动_2,服_笑顔动.webp,451,0,451,470,10,0,42
別立ち2_服_笑顔动_2,服_笑顔动.webp,902,0,451,470,10,0,42
別立ち2_服_笑顔动_2,服_笑顔动.webp,1353,0,451,470,10,0,42
別立ち2_服_笑顔动_2,服_笑顔动.webp,1804,0,451,470,10,0,42
別立ち2_服_笑顔动_2,服_笑顔动.webp,2255,0,451,470,10,0,42
別立ち2_服_笑顔动_2,服_笑顔动.webp,2706,0,451,470,10,0,42
別立ち2_服_笑顔动_2,服_笑顔动.webp,3157,0,451,470,10,0,42
別立ち2_服_笑顔动_2,服_笑顔动.webp,3608,0,451,470,10,0,42
別立ち2_服_笑顔动_2,服_笑顔动.webp,4059,0,451,470,10,0,42
別立ち2_服_笑顔动_2,服_笑顔动.webp,4510,0,451,470,10,0,42
別立ち2_服_笑顔动_2,服_笑顔动.webp,4961,0,451,470,10,0,42
別立ち2_服_笑顔动_2,服_笑顔动.webp,5412,0,451,470,10,0,42
別立ち2_服_笑顔动_2,服_笑顔动.webp,5863,0,451,470,10,0,42
別立ち2_服_笑顔动_2,服_笑顔动.webp,6314,0,451,470,10,0,42
別立ち2_服_笑顔动_2,服_笑顔动.webp,6765,0,451,470,10,0,42
別立ち2_服_笑顔动_2,服_笑顔动.webp,7216,0,451,470,10,0,42
別立ち2_服_笑顔动_2,服_笑顔动.webp,7667,0,451,470,10,0,42
別立ち2_服_笑顔动_2,服_笑顔动.webp,0,470,451,470,10,0,42
別立ち2_服_笑顔动_2,服_笑顔动.webp,451,470,451,470,10,0,42
別立ち2_服_笑顔动_2,服_笑顔动.webp,902,470,451,470,10,0,42
別立ち2_服_笑顔动_2,服_笑顔动.webp,1353,470,451,470,10,0,42
別立ち2_服_笑顔动_2,服_笑顔动.webp,1804,470,451,470,10,0,42
別立ち2_服_笑顔动_2,服_笑顔动.webp,2255,470,451,470,10,0,42
別立ち2_服_笑顔动_2,服_笑顔动.webp,2706,470,451,470,10,0,42
別立ち2_服_笑顔动_2,服_笑顔动.webp,3157,470,451,470,10,0,42
別立ち2_服_笑顔动_2,服_笑顔动.webp,3608,470,451,470,10,0,42
別立ち2_服_笑顔动_2,服_笑顔动.webp,4059,470,451,470,10,0,42
別立ち2_服_笑顔动_2,服_笑顔动.webp,4510,470,451,470,10,0,42
別立ち2_服_笑顔动_2,服_笑顔动.webp,4961,470,451,470,10,0,42
別立ち2_服_笑顔动_2,服_笑顔动.webp,5412,470,451,470,10,0,42
別立ち2_服_笑顔动_2,服_笑顔动.webp,5863,470,451,470,10,0,42
別立ち2_服_笑顔动_2,服_笑顔动.webp,6314,470,451,470,10,0,42
別立ち2_服_笑顔动_2,服_笑顔动.webp,6765,470,451,470,10,0,42
別立ち2_服_笑顔动_2,服_笑顔动.webp,7216,470,451,470,10,0,42
別立ち2_服_笑顔动_2,服_笑顔动.webp,7667,470,451,470,10,0,42
別立ち2_服_笑顔动_2,服_笑顔动.webp,0,940,451,470,10,0,42
別立ち2_服_笑顔动_2,服_笑顔动.webp,451,940,451,470,10,0,42
別立ち2_服_笑顔动_2,服_笑顔动.webp,902,940,451,470,10,0,42
別立ち2_服_笑顔动_2,服_笑顔动.webp,1353,940,451,470,10,0,42
別立ち2_服_笑顔动_2,服_笑顔动.webp,1804,940,451,470,10,0,42
別立ち2_服_笑顔动_2,服_笑顔动.webp,2255,940,451,470,10,0,42
別立ち2_服_笑顔动_2,服_笑顔动.webp,2706,940,451,470,10,0,42
別立ち2_服_笑顔动_2,服_笑顔动.webp,3157,940,451,470,10,0,42
別立ち2_服_笑顔动_2,服_笑顔动.webp,3608,940,451,470,10,0,42
別立ち2_服_笑顔动_2,服_笑顔动.webp,4059,940,451,470,10,0,42
別立ち2_服_笑顔动_2,服_笑顔动.webp,4510,940,451,470,10,0,42
別立ち2_服_笑顔动_2,服_笑顔动.webp,4961,940,451,470,10,0,42
別立ち2_服_笑顔动_2,服_笑顔动.webp,5412,940,451,470,10,0,42
別立ち2_服_笑顔动_2,服_笑顔动.webp,5863,940,451,470,10,0,42
別立ち2_服_笑顔动_2,服_笑顔动.webp,6314,940,451,470,10,0,42
別立ち2_服_笑顔动_2,服_笑顔动.webp,6765,940,451,470,10,0,42
別立ち2_服_笑顔动_2,服_笑顔动.webp,7216,940,451,470,10,0,42
別立ち2_服_笑顔动_2,服_笑顔动.webp,7667,940,451,470,10,0,42
別立ち2_服_笑顔动_2,服_笑顔动.webp,0,1410,451,470,10,0,42
別立ち2_服_笑顔动_2,服_笑顔动.webp,451,1410,451,470,10,0,42
別立ち2_服_笑顔动_2,服_笑顔动.webp,902,1410,451,470,10,0,42
別立ち2_服_笑顔动_2,服_笑顔动.webp,1353,1410,451,470,10,0,42
別立ち2_服_笑顔动_2,服_笑顔动.webp,1804,1410,451,470,10,0,42
別立ち2_服_笑顔动_2,服_笑顔动.webp,2255,1410,451,470,10,0,42
別立ち2_服_笑顔动_2,服_笑顔动.webp,2706,1410,451,470,10,0,42
別立ち2_服_笑顔动_2,服_笑顔动.webp,3157,1410,451,470,10,0,42
別立ち2_服_笑顔动_2,服_笑顔动.webp,3608,1410,451,470,10,0,42
別立ち2_服_笑顔动_2,服_笑顔动.webp,4059,1410,451,470,10,0,42
別立ち2_服_笑顔动_2,服_笑顔动.webp,4510,1410,451,470,10,0,42
別立ち2_服_笑顔动_2,服_笑顔动.webp,4961,1410,451,470,10,0,42
別立ち2_服_笑顔动_2,服_笑顔动.webp,5412,1410,451,470,10,0,42
別立ち2_服_笑顔动_2,服_笑顔动.webp,5863,1410,451,470,10,0,42
別立ち2_服_笑顔动_2,服_笑顔动.webp,6314,1410,451,470,10,0,42
別立ち2_服_笑顔动_2,服_笑顔动.webp,6765,1410,451,470,10,0,42
別立ち2_服_笑顔动_2,服_笑顔动.webp,7216,1410,451,470,10,0,42
別立ち2_服_笑顔动_2,服_笑顔动.webp,7667,1410,451,470,10,0,42
別立ち2_服_笑顔动_2,服_笑顔动.webp,0,1880,451,470,10,0,42
別立ち2_服_笑顔动_2,服_笑顔动.webp,451,1880,451,470,10,0,42
別立ち2_服_笑顔动_2,服_笑顔动.webp,902,1880,451,470,10,0,42
別立ち2_服_笑顔动_2,服_笑顔动.webp,1353,1880,451,470,10,0,42
別立ち2_服_笑顔动_2,服_笑顔动.webp,1804,1880,451,470,10,0,42
別立ち2_服_笑顔动_2,服_笑顔动.webp,2255,1880,451,470,10,0,42
別立ち2_服_笑顔动_2,服_笑顔动.webp,2706,1880,451,470,10,0,42
別立ち2_服_笑顔动_2,服_笑顔动.webp,3157,1880,451,470,10,0,42
別立ち2_服_笑顔动_2,服_笑顔动.webp,3608,1880,451,470,10,0,42
別立ち2_服_笑顔动_2,服_笑顔动.webp,4059,1880,451,470,10,0,42
別立ち2_服_笑顔动_2,服_笑顔动.webp,4510,1880,451,470,10,0,42
別立ち2_服_笑顔动_2,服_笑顔动.webp,4961,1880,451,470,10,0,42
別立ち2_服_笑顔动_2,服_笑顔动.webp,5412,1880,451,470,10,0,42
別立ち2_服_笑顔动_2,服_笑顔动.webp,5863,1880,451,470,10,0,42
別立ち2_服_笑顔动_2,服_笑顔动.webp,6314,1880,451,470,10,0,42
別立ち2_服_笑顔动_2,服_笑顔动.webp,6765,1880,451,470,10,0,42
別立ち2_服_笑顔动_2,服_笑顔动.webp,7216,1880,451,470,10,0,42
別立ち2_服_笑顔动_2,服_笑顔动.webp,7667,1880,451,470,10,0,42
別立ち2_服_笑顔动_2,服_笑顔动.webp,0,2350,451,470,10,0,42
別立ち2_服_笑顔动_2,服_笑顔动.webp,451,2350,451,470,10,0,42
別立ち2_服_笑顔动_2,服_笑顔动.webp,902,2350,451,470,10,0,42
別立ち2_服_笑顔动_2,服_笑顔动.webp,1353,2350,451,470,10,0,42
別立ち2_服_笑顔动_2,服_笑顔动.webp,1804,2350,451,470,10,0,42
別立ち2_服_笑顔动_2,服_笑顔动.webp,2255,2350,451,470,10,0,42
別立ち2_服_笑顔动_2,服_笑顔动.webp,2706,2350,451,470,10,0,42
別立ち2_服_笑顔动_2,服_笑顔动.webp,3157,2350,451,470,10,0,42
別立ち2_服_笑顔动_2,服_笑顔动.webp,3608,2350,451,470,10,0,42
別立ち2_服_笑顔动_2,服_笑顔动.webp,4059,2350,451,470,10,0,42
別立ち2_服_笑顔动_2,服_笑顔动.webp,4510,2350,451,470,10,0,42
別立ち2_服_笑顔动_2,服_笑顔动.webp,4961,2350,451,470,10,0,42
別立ち2_服_笑顔动_2,服_笑顔动.webp,5412,2350,451,470,10,0,42
別立ち2_服_笑顔动_2,服_笑顔动.webp,5863,2350,451,470,10,0,42
別立ち2_服_笑顔动_2,服_笑顔动.webp,6314,2350,451,470,10,0,42
別立ち2_服_笑顔动_2,服_笑顔动.webp,6765,2350,451,470,10,0,42
別立ち2_服_笑顔动_2,服_笑顔动.webp,7216,2350,451,470,10,0,42
別立ち2_服_笑顔动_2,服_笑顔动.webp,7667,2350,451,470,10,0,42
別立ち2_服_笑顔动_2,服_笑顔动.webp,0,2820,451,470,10,0,42
別立ち2_服_笑顔动_2,服_笑顔动.webp,451,2820,451,470,10,0,42
別立ち2_服_笑顔动_2,服_笑顔动.webp,902,2820,451,470,10,0,42
別立ち2_服_笑顔动_2,服_笑顔动.webp,1353,2820,451,470,10,0,42
別立ち2_服_笑顔动_2,服_笑顔动.webp,1804,2820,451,470,10,0,42
別立ち2_服_笑顔动_2,服_笑顔动.webp,2255,2820,451,470,10,0,42
別立ち2_服_笑顔动_2,服_笑顔动.webp,2706,2820,451,470,10,0,42
別立ち2_服_笑顔动_2,服_笑顔动.webp,3157,2820,451,470,10,0,42
別立ち2_服_笑顔动_2,服_笑顔动.webp,3608,2820,451,470,10,0,42
別立ち2_服_笑顔动_2,服_笑顔动.webp,4059,2820,451,470,10,0,42
別立ち2_服_笑顔动_2,服_笑顔动.webp,4510,2820,451,470,10,0,42
別立ち2_服_笑顔动_2,服_笑顔动.webp,4961,2820,451,470,10,0,42
別立ち2_服_笑顔动_2,服_笑顔动.webp,5412,2820,451,470,10,0,42
別立ち2_服_笑顔动_2,服_笑顔动.webp,5863,2820,451,470,10,0,42
別立ち2_服_笑顔动_2,服_笑顔动.webp,6314,2820,451,470,10,0,42
別立ち2_服_笑顔动_2,服_笑顔动.webp,6765,2820,451,470,10,0,42
別立ち2_服_笑顔动_2,服_笑顔动.webp,7216,2820,451,470,10,0,42
別立ち2_服_笑顔动_2,服_笑顔动.webp,7667,2820,451,470,10,0,42
別立ち2_服_笑顔动_2,服_笑顔动.webp,0,3290,451,470,10,0,42
別立ち2_服_笑顔动_2,服_笑顔动.webp,451,3290,451,470,10,0,42
別立ち2_服_笑顔动_2,服_笑顔动.webp,902,3290,451,470,10,0,42
別立ち2_服_笑顔动_2,服_笑顔动.webp,1353,3290,451,470,10,0,42
別立ち2_服_笑顔动_2,服_笑顔动.webp,1804,3290,451,470,10,0,42
別立ち2_服_笑顔动_2,服_笑顔动.webp,2255,3290,451,470,10,0,42
別立ち2_服_笑顔动_2,服_笑顔动.webp,2706,3290,451,470,10,0,42
別立ち2_服_笑顔动_2,服_笑顔动.webp,3157,3290,451,470,10,0,42
別立ち2_服_笑顔动_2,服_笑顔动.webp,3608,3290,451,470,10,0,42
別立ち2_服_笑顔动_2,服_笑顔动.webp,4059,3290,451,470,10,0,42
別立ち2_服_笑顔动_2,服_笑顔动.webp,4510,3290,451,470,10,0,42
別立ち2_服_笑顔动_2,服_笑顔动.webp,4961,3290,451,470,10,0,42
別立ち2_服_笑顔动_2,服_笑顔动.webp,5412,3290,451,470,10,0,42
別立ち2_服_笑顔动_2,服_笑顔动.webp,5863,3290,451,470,10,0,42
別立ち2_服_笑顔动_2,服_笑顔动.webp,6314,3290,451,470,10,0,42
別立ち2_服_笑顔动_2,服_笑顔动.webp,6765,3290,451,470,10,0,42
別立ち2_服_笑顔动_2,服_笑顔动.webp,7216,3290,451,470,10,0,42
別立ち2_服_笑顔动_2,服_笑顔动.webp,7667,3290,451,470,10,0,42
別立ち2_服_笑顔动_2,服_笑顔动.webp,0,3760,451,470,10,0,42
別立ち2_服_笑顔动_2,服_笑顔动.webp,451,3760,451,470,10,0,42
別立ち2_服_笑顔动_2,服_笑顔动.webp,902,3760,451,470,10,0,42
別立ち2_服_笑顔动_2,服_笑顔动.webp,1353,3760,451,470,10,0,42
別立ち2_服_笑顔动_2,服_笑顔动.webp,1804,3760,451,470,10,0,42
別立ち2_服_笑顔动_2,服_笑顔动.webp,2255,3760,451,470,10,0,42
別立ち2_服_笑顔动_2,服_笑顔动.webp,2706,3760,451,470,10,0,42
別立ち2_服_笑顔动_2,服_笑顔动.webp,3157,3760,451,470,10,0,42
別立ち2_服_笑顔动_2,服_笑顔动.webp,3608,3760,451,470,10,0,42
別立ち2_服_笑顔动_2,服_笑顔动.webp,4059,3760,451,470,10,0,42
別立ち2_服_笑顔动_2,服_笑顔动.webp,4510,3760,451,470,10,0,42
別立ち2_服_笑顔动_2,服_笑顔动.webp,4961,3760,451,470,10,0,42
別立ち2_服_笑顔动_2,服_笑顔动.webp,5412,3760,451,470,10,0,42
別立ち2_服_笑顔动_2,服_笑顔动.webp,5863,3760,451,470,10,0,42
別立ち2_服_笑顔动_2,服_笑顔动.webp,6314,3760,451,470,10,0,42
別立ち2_服_笑顔动_2,服_笑顔动.webp,6765,3760,451,470,10,0,42

別顔2_服_笑顔动_2,ANIME,200,200
別顔2_服_笑顔动_2,服_笑顔动.webp,137,0,200,200,0,0,42
別顔2_服_笑顔动_2,服_笑顔动.webp,588,0,200,200,0,0,42
別顔2_服_笑顔动_2,服_笑顔动.webp,1039,0,200,200,0,0,42
別顔2_服_笑顔动_2,服_笑顔动.webp,1490,0,200,200,0,0,42
別顔2_服_笑顔动_2,服_笑顔动.webp,1941,0,200,200,0,0,42
別顔2_服_笑顔动_2,服_笑顔动.webp,2392,0,200,200,0,0,42
別顔2_服_笑顔动_2,服_笑顔动.webp,2843,0,200,200,0,0,42
別顔2_服_笑顔动_2,服_笑顔动.webp,3294,0,200,200,0,0,42
別顔2_服_笑顔动_2,服_笑顔动.webp,3745,0,200,200,0,0,42
別顔2_服_笑顔动_2,服_笑顔动.webp,4196,0,200,200,0,0,42
別顔2_服_笑顔动_2,服_笑顔动.webp,4647,0,200,200,0,0,42
別顔2_服_笑顔动_2,服_笑顔动.webp,5098,0,200,200,0,0,42
別顔2_服_笑顔动_2,服_笑顔动.webp,5549,0,200,200,0,0,42
別顔2_服_笑顔动_2,服_笑顔动.webp,6000,0,200,200,0,0,42
別顔2_服_笑顔动_2,服_笑顔动.webp,6451,0,200,200,0,0,42
別顔2_服_笑顔动_2,服_笑顔动.webp,6902,0,200,200,0,0,42
別顔2_服_笑顔动_2,服_笑顔动.webp,7353,0,200,200,0,0,42
別顔2_服_笑顔动_2,服_笑顔动.webp,7804,0,200,200,0,0,42
別顔2_服_笑顔动_2,服_笑顔动.webp,137,470,200,200,0,0,42
別顔2_服_笑顔动_2,服_笑顔动.webp,588,470,200,200,0,0,42
別顔2_服_笑顔动_2,服_笑顔动.webp,1039,470,200,200,0,0,42
別顔2_服_笑顔动_2,服_笑顔动.webp,1490,470,200,200,0,0,42
別顔2_服_笑顔动_2,服_笑顔动.webp,1941,470,200,200,0,0,42
別顔2_服_笑顔动_2,服_笑顔动.webp,2392,470,200,200,0,0,42
別顔2_服_笑顔动_2,服_笑顔动.webp,2843,470,200,200,0,0,42
別顔2_服_笑顔动_2,服_笑顔动.webp,3294,470,200,200,0,0,42
別顔2_服_笑顔动_2,服_笑顔动.webp,3745,470,200,200,0,0,42
別顔2_服_笑顔动_2,服_笑顔动.webp,4196,470,200,200,0,0,42
別顔2_服_笑顔动_2,服_笑顔动.webp,4647,470,200,200,0,0,42
別顔2_服_笑顔动_2,服_笑顔动.webp,5098,470,200,200,0,0,42
別顔2_服_笑顔动_2,服_笑顔动.webp,5549,470,200,200,0,0,42
別顔2_服_笑顔动_2,服_笑顔动.webp,6000,470,200,200,0,0,42
別顔2_服_笑顔动_2,服_笑顔动.webp,6451,470,200,200,0,0,42
別顔2_服_笑顔动_2,服_笑顔动.webp,6902,470,200,200,0,0,42
別顔2_服_笑顔动_2,服_笑顔动.webp,7353,470,200,200,0,0,42
別顔2_服_笑顔动_2,服_笑顔动.webp,7804,470,200,200,0,0,42
別顔2_服_笑顔动_2,服_笑顔动.webp,137,940,200,200,0,0,42
別顔2_服_笑顔动_2,服_笑顔动.webp,588,940,200,200,0,0,42
別顔2_服_笑顔动_2,服_笑顔动.webp,1039,940,200,200,0,0,42
別顔2_服_笑顔动_2,服_笑顔动.webp,1490,940,200,200,0,0,42
別顔2_服_笑顔动_2,服_笑顔动.webp,1941,940,200,200,0,0,42
別顔2_服_笑顔动_2,服_笑顔动.webp,2392,940,200,200,0,0,42
別顔2_服_笑顔动_2,服_笑顔动.webp,2843,940,200,200,0,0,42
別顔2_服_笑顔动_2,服_笑顔动.webp,3294,940,200,200,0,0,42
別顔2_服_笑顔动_2,服_笑顔动.webp,3745,940,200,200,0,0,42
別顔2_服_笑顔动_2,服_笑顔动.webp,4196,940,200,200,0,0,42
別顔2_服_笑顔动_2,服_笑顔动.webp,4647,940,200,200,0,0,42
別顔2_服_笑顔动_2,服_笑顔动.webp,5098,940,200,200,0,0,42
別顔2_服_笑顔动_2,服_笑顔动.webp,5549,940,200,200,0,0,42
別顔2_服_笑顔动_2,服_笑顔动.webp,6000,940,200,200,0,0,42
別顔2_服_笑顔动_2,服_笑顔动.webp,6451,940,200,200,0,0,42
別顔2_服_笑顔动_2,服_笑顔动.webp,6902,940,200,200,0,0,42
別顔2_服_笑顔动_2,服_笑顔动.webp,7353,940,200,200,0,0,42
別顔2_服_笑顔动_2,服_笑顔动.webp,7804,940,200,200,0,0,42
別顔2_服_笑顔动_2,服_笑顔动.webp,137,1410,200,200,0,0,42
別顔2_服_笑顔动_2,服_笑顔动.webp,588,1410,200,200,0,0,42
別顔2_服_笑顔动_2,服_笑顔动.webp,1039,1410,200,200,0,0,42
別顔2_服_笑顔动_2,服_笑顔动.webp,1490,1410,200,200,0,0,42
別顔2_服_笑顔动_2,服_笑顔动.webp,1941,1410,200,200,0,0,42
別顔2_服_笑顔动_2,服_笑顔动.webp,2392,1410,200,200,0,0,42
別顔2_服_笑顔动_2,服_笑顔动.webp,2843,1410,200,200,0,0,42
別顔2_服_笑顔动_2,服_笑顔动.webp,3294,1410,200,200,0,0,42
別顔2_服_笑顔动_2,服_笑顔动.webp,3745,1410,200,200,0,0,42
別顔2_服_笑顔动_2,服_笑顔动.webp,4196,1410,200,200,0,0,42
別顔2_服_笑顔动_2,服_笑顔动.webp,4647,1410,200,200,0,0,42
別顔2_服_笑顔动_2,服_笑顔动.webp,5098,1410,200,200,0,0,42
別顔2_服_笑顔动_2,服_笑顔动.webp,5549,1410,200,200,0,0,42
別顔2_服_笑顔动_2,服_笑顔动.webp,6000,1410,200,200,0,0,42
別顔2_服_笑顔动_2,服_笑顔动.webp,6451,1410,200,200,0,0,42
別顔2_服_笑顔动_2,服_笑顔动.webp,6902,1410,200,200,0,0,42
別顔2_服_笑顔动_2,服_笑顔动.webp,7353,1410,200,200,0,0,42
別顔2_服_笑顔动_2,服_笑顔动.webp,7804,1410,200,200,0,0,42
別顔2_服_笑顔动_2,服_笑顔动.webp,137,1880,200,200,0,0,42
別顔2_服_笑顔动_2,服_笑顔动.webp,588,1880,200,200,0,0,42
別顔2_服_笑顔动_2,服_笑顔动.webp,1039,1880,200,200,0,0,42
別顔2_服_笑顔动_2,服_笑顔动.webp,1490,1880,200,200,0,0,42
別顔2_服_笑顔动_2,服_笑顔动.webp,1941,1880,200,200,0,0,42
別顔2_服_笑顔动_2,服_笑顔动.webp,2392,1880,200,200,0,0,42
別顔2_服_笑顔动_2,服_笑顔动.webp,2843,1880,200,200,0,0,42
別顔2_服_笑顔动_2,服_笑顔动.webp,3294,1880,200,200,0,0,42
別顔2_服_笑顔动_2,服_笑顔动.webp,3745,1880,200,200,0,0,42
別顔2_服_笑顔动_2,服_笑顔动.webp,4196,1880,200,200,0,0,42
別顔2_服_笑顔动_2,服_笑顔动.webp,4647,1880,200,200,0,0,42
別顔2_服_笑顔动_2,服_笑顔动.webp,5098,1880,200,200,0,0,42
別顔2_服_笑顔动_2,服_笑顔动.webp,5549,1880,200,200,0,0,42
別顔2_服_笑顔动_2,服_笑顔动.webp,6000,1880,200,200,0,0,42
別顔2_服_笑顔动_2,服_笑顔动.webp,6451,1880,200,200,0,0,42
別顔2_服_笑顔动_2,服_笑顔动.webp,6902,1880,200,200,0,0,42
別顔2_服_笑顔动_2,服_笑顔动.webp,7353,1880,200,200,0,0,42
別顔2_服_笑顔动_2,服_笑顔动.webp,7804,1880,200,200,0,0,42
別顔2_服_笑顔动_2,服_笑顔动.webp,137,2350,200,200,0,0,42
別顔2_服_笑顔动_2,服_笑顔动.webp,588,2350,200,200,0,0,42
別顔2_服_笑顔动_2,服_笑顔动.webp,1039,2350,200,200,0,0,42
別顔2_服_笑顔动_2,服_笑顔动.webp,1490,2350,200,200,0,0,42
別顔2_服_笑顔动_2,服_笑顔动.webp,1941,2350,200,200,0,0,42
別顔2_服_笑顔动_2,服_笑顔动.webp,2392,2350,200,200,0,0,42
別顔2_服_笑顔动_2,服_笑顔动.webp,2843,2350,200,200,0,0,42
別顔2_服_笑顔动_2,服_笑顔动.webp,3294,2350,200,200,0,0,42
別顔2_服_笑顔动_2,服_笑顔动.webp,3745,2350,200,200,0,0,42
別顔2_服_笑顔动_2,服_笑顔动.webp,4196,2350,200,200,0,0,42
別顔2_服_笑顔动_2,服_笑顔动.webp,4647,2350,200,200,0,0,42
別顔2_服_笑顔动_2,服_笑顔动.webp,5098,2350,200,200,0,0,42
別顔2_服_笑顔动_2,服_笑顔动.webp,5549,2350,200,200,0,0,42
別顔2_服_笑顔动_2,服_笑顔动.webp,6000,2350,200,200,0,0,42
別顔2_服_笑顔动_2,服_笑顔动.webp,6451,2350,200,200,0,0,42
別顔2_服_笑顔动_2,服_笑顔动.webp,6902,2350,200,200,0,0,42
別顔2_服_笑顔动_2,服_笑顔动.webp,7353,2350,200,200,0,0,42
別顔2_服_笑顔动_2,服_笑顔动.webp,7804,2350,200,200,0,0,42
別顔2_服_笑顔动_2,服_笑顔动.webp,137,2820,200,200,0,0,42
別顔2_服_笑顔动_2,服_笑顔动.webp,588,2820,200,200,0,0,42
別顔2_服_笑顔动_2,服_笑顔动.webp,1039,2820,200,200,0,0,42
別顔2_服_笑顔动_2,服_笑顔动.webp,1490,2820,200,200,0,0,42
別顔2_服_笑顔动_2,服_笑顔动.webp,1941,2820,200,200,0,0,42
別顔2_服_笑顔动_2,服_笑顔动.webp,2392,2820,200,200,0,0,42
別顔2_服_笑顔动_2,服_笑顔动.webp,2843,2820,200,200,0,0,42
別顔2_服_笑顔动_2,服_笑顔动.webp,3294,2820,200,200,0,0,42
別顔2_服_笑顔动_2,服_笑顔动.webp,3745,2820,200,200,0,0,42
別顔2_服_笑顔动_2,服_笑顔动.webp,4196,2820,200,200,0,0,42
別顔2_服_笑顔动_2,服_笑顔动.webp,4647,2820,200,200,0,0,42
別顔2_服_笑顔动_2,服_笑顔动.webp,5098,2820,200,200,0,0,42
別顔2_服_笑顔动_2,服_笑顔动.webp,5549,2820,200,200,0,0,42
別顔2_服_笑顔动_2,服_笑顔动.webp,6000,2820,200,200,0,0,42
別顔2_服_笑顔动_2,服_笑顔动.webp,6451,2820,200,200,0,0,42
別顔2_服_笑顔动_2,服_笑顔动.webp,6902,2820,200,200,0,0,42
別顔2_服_笑顔动_2,服_笑顔动.webp,7353,2820,200,200,0,0,42
別顔2_服_笑顔动_2,服_笑顔动.webp,7804,2820,200,200,0,0,42
別顔2_服_笑顔动_2,服_笑顔动.webp,137,3290,200,200,0,0,42
別顔2_服_笑顔动_2,服_笑顔动.webp,588,3290,200,200,0,0,42
別顔2_服_笑顔动_2,服_笑顔动.webp,1039,3290,200,200,0,0,42
別顔2_服_笑顔动_2,服_笑顔动.webp,1490,3290,200,200,0,0,42
別顔2_服_笑顔动_2,服_笑顔动.webp,1941,3290,200,200,0,0,42
別顔2_服_笑顔动_2,服_笑顔动.webp,2392,3290,200,200,0,0,42
別顔2_服_笑顔动_2,服_笑顔动.webp,2843,3290,200,200,0,0,42
別顔2_服_笑顔动_2,服_笑顔动.webp,3294,3290,200,200,0,0,42
別顔2_服_笑顔动_2,服_笑顔动.webp,3745,3290,200,200,0,0,42
別顔2_服_笑顔动_2,服_笑顔动.webp,4196,3290,200,200,0,0,42
別顔2_服_笑顔动_2,服_笑顔动.webp,4647,3290,200,200,0,0,42
別顔2_服_笑顔动_2,服_笑顔动.webp,5098,3290,200,200,0,0,42
別顔2_服_笑顔动_2,服_笑顔动.webp,5549,3290,200,200,0,0,42
別顔2_服_笑顔动_2,服_笑顔动.webp,6000,3290,200,200,0,0,42
別顔2_服_笑顔动_2,服_笑顔动.webp,6451,3290,200,200,0,0,42
別顔2_服_笑顔动_2,服_笑顔动.webp,6902,3290,200,200,0,0,42
別顔2_服_笑顔动_2,服_笑顔动.webp,7353,3290,200,200,0,0,42
別顔2_服_笑顔动_2,服_笑顔动.webp,7804,3290,200,200,0,0,42
別顔2_服_笑顔动_2,服_笑顔动.webp,137,3760,200,200,0,0,42
別顔2_服_笑顔动_2,服_笑顔动.webp,588,3760,200,200,0,0,42
別顔2_服_笑顔动_2,服_笑顔动.webp,1039,3760,200,200,0,0,42
別顔2_服_笑顔动_2,服_笑顔动.webp,1490,3760,200,200,0,0,42
別顔2_服_笑顔动_2,服_笑顔动.webp,1941,3760,200,200,0,0,42
別顔2_服_笑顔动_2,服_笑顔动.webp,2392,3760,200,200,0,0,42
別顔2_服_笑顔动_2,服_笑顔动.webp,2843,3760,200,200,0,0,42
別顔2_服_笑顔动_2,服_笑顔动.webp,3294,3760,200,200,0,0,42
別顔2_服_笑顔动_2,服_笑顔动.webp,3745,3760,200,200,0,0,42
別顔2_服_笑顔动_2,服_笑顔动.webp,4196,3760,200,200,0,0,42
別顔2_服_笑顔动_2,服_笑顔动.webp,4647,3760,200,200,0,0,42
別顔2_服_笑顔动_2,服_笑顔动.webp,5098,3760,200,200,0,0,42
別顔2_服_笑顔动_2,服_笑顔动.webp,5549,3760,200,200,0,0,42
別顔2_服_笑顔动_2,服_笑顔动.webp,6000,3760,200,200,0,0,42
別顔2_服_笑顔动_2,服_笑顔动.webp,6451,3760,200,200,0,0,42
別顔2_服_笑顔动_2,服_笑顔动.webp,6902,3760,200,200,0,0,42
