Jr_Job_HappyFace,Jr_Job_HappyFace.webp
Jr_Casual01_HappyFace,Jr_Casual01_HappyFace.webp
Jr_Casual01_AngerFaceS,Jr_Casual01_AngerFaceS.webp
Jr_Casual02_HappyFace,Jr_Casual02_HappyFace.webp
Jr_Casual02_AskFaceS,Jr_Casual02_AskFaceS.webp
Jr_Casual02_ThinkFaceS,Jr_Casual02_ThinkFaceS.webp
Jr_Casual02_ResignedFace,Jr_Casual02_ResignedFace.webp
Jr_Casual02_ResignedFaceS,Jr_Casual02_ResignedFaceS.webp
Jr_Casual02_HappyFaceS,Jr_Casual02_HappyFaceS.webp
Jr_Casual02_NormalFace2,Jr_Casual02_NormalFace2.webp
Jr_Casual02_NormalFaceS2,Jr_Casual02_NormalFaceS2.webp
Jr_Casual01_HappyFaceS,Jr_Casual01_HappyFaceS.webp
Jr_Casual01_ResignedFaceS,Jr_Casual01_ResignedFaceS.webp
Jr_Casual01_NormalFaceS,Jr_Casual01_NormalFaceS.webp
Jr_Casual02_ResignedFaceS2,Jr_Casual02_ResignedFaceS2.webp
Jr_Job_HappyFaceS,Jr_Job_HappyFaceS.webp
Jr_Job_ResignedFaceS,Jr_Job_ResignedFaceS.webp
Jr_Casual01_CryFaceS,Jr_Casual01_CryFaceS.webp
Jr_Pajamas_NormalFace1S,Jr_Pajamas_NormalFace1S.webp
Jr_Pajamas_NormalFace2S,Jr_Pajamas_NormalFace2S.webp
Jr_Casual02_AngerFaceS,Jr_Casual02_AngerFaceS.webp
Jr_Casual01_NormalFaceS2,Jr_Casual01_NormalFaceS2.webp
Jr_Casual01_RefuseFaceS,Jr_Casual01_RefuseFaceS.webp
Jr_Shower_AngerFaceS,Jr_Shower_AngerFaceS.webp
Jr_Shower_ResignedFaceS,Jr_Shower_ResignedFaceS.webp
Jr_Shower_HappyFaceS,Jr_Shower_HappyFaceS.webp
