bodyGraph_B_はてな,はてな.png,0,0,250,250
bodyGraph_B_平乳_手ブラ,平乳_手ブラ.png,0,0,250,250
bodyGraph_B_平乳_未知,平乳_未知.png,0,0,250,250
bodyGraph_B_平乳_母乳,平乳_母乳.png,0,0,250,250
bodyGraph_B_平乳_通常,平乳_通常.png,0,0,250,250
bodyGraph_B_貧乳,貧乳.png,0,0,250,250
bodyGraph_B_貧乳_未知,貧乳_未知.png,0,0,250,250
bodyGraph_B_貧乳_母乳,貧乳_母乳.png,0,0,250,250
bodyGraph_B_並乳,並乳.png,0,0,250,250
bodyGraph_B_並乳_未知,並乳_未知.png,0,0,250,250
bodyGraph_B_並乳_母乳,並乳_母乳.png,0,0,250,250
bodyGraph_B_巨乳,巨乳_0_3.png,0,0,250,250
bodyGraph_B_巨乳_30日,巨乳_0_3.png,0,0,250,250
bodyGraph_B_巨乳_60日,巨乳_6.png,0,0,250,250
bodyGraph_B_巨乳_80日,巨乳_9.png,0,0,250,250
bodyGraph_B_巨乳_未知,巨乳_未知.png,0,0,250,250
bodyGraph_B_巨乳_母乳,巨乳_母乳.png,0,0,250,250
bodyGraph_B_爆乳,爆乳_0.png,0,0,250,250
bodyGraph_B_爆乳_30日,爆乳_3.png,0,0,250,250
bodyGraph_B_爆乳_60日,爆乳_6.png,0,0,250,250
bodyGraph_B_爆乳_80日,爆乳_9.png,0,0,250,250
bodyGraph_B_爆乳_未知,爆乳_未知.png,0,0,250,250
bodyGraph_B_爆乳_母乳,爆乳_母乳.png,0,0,250,250
bodyGraph_B_平乳_精液,精液1.png,0,0,250,250
bodyGraph_B_貧乳_精液,精液1.png,0,0,250,250
bodyGraph_B_並乳_精液,精液2.png,0,0,250,250
bodyGraph_B_巨乳_精液,精液3.png,0,0,250,250
bodyGraph_B_爆乳_精液,精液3.png,0,0,250,250
bodyGraph_B_巨乳_精液(空),精液3(空).png,0,0,250,250
bodyGraph_B_爆乳_精液(空),精液3(空).png,0,0,250,250
bodyGraph_B_妊娠_30日,妊娠3.png,0,0,250,250
bodyGraph_B_妊娠_60日,妊娠6.png,0,0,250,250
bodyGraph_B_妊娠_80日,妊娠9.png,0,0,250,250
