bodyGraph_V_pussy_0,0.png,0,0,250,250
bodyGraph_V_pussy_1,1.png,0,0,250,250
bodyGraph_V_pussy_2,2.png,0,0,250,250
bodyGraph_V_pussy_3,3.png,0,0,250,250
bodyGraph_V_pussy_5,5.png,0,0,250,250
bodyGraph_V_pussy_不思議,不思議.png,0,0,250,250
bodyGraph_V_pussy_並,並.png,0,0,250,250
bodyGraph_V_pussy_処,処.png,0,0,250,250
bodyGraph_V_pussy_大,大.png,0,0,250,250
bodyGraph_V_pussy_小,小.png,0,0,250,250
bodyGraph_V_pussy_幼,幼.png,0,0,250,250
bodyGraph_V_pussy_愛液,愛液.png,0,0,250,250
bodyGraph_V_pussy_手,手.png,0,0,250,250
bodyGraph_V_pussy_精a1,精a1.png,0,0,250,250
bodyGraph_V_pussy_精a2,精a2.png,0,0,250,250
bodyGraph_V_pussy_精a3,精a3.png,0,0,250,250
bodyGraph_V_pussy_精a4,精a4.png,0,0,250,250
bodyGraph_V_pussy_精a5,精a5.png,0,0,250,250
bodyGraph_V_pussy_精b1,精b1.png,0,0,250,250
bodyGraph_V_pussy_精b2,精b2.png,0,0,250,250
bodyGraph_V_pussy_精b3,精b3.png,0,0,250,250
bodyGraph_V_pussy_精b4,精b4.png,0,0,250,250
bodyGraph_V_pussy_精b5,精b5.png,0,0,250,250
