A_1,A_1.webp,0,0,100,100
A_1_S,A_1_S.webp,0,0,100,100
A_1_S2,A_1_S2.webp,0,0,100,100
A_1_S3,A_1_S3.webp,0,0,100,100
A_1_wet,A_1_wet.webp,0,0,100,100
A_2,A_2.webp,0,0,100,100
A_2_S,A_2_S.webp,0,0,100,100
A_2_S2,A_2_S2.webp,0,0,100,100
A_2_S3,A_2_S3.webp,0,0,100,100
A_2_wet,A_2_wet.webp,0,0,100,100
A_3,A_3.webp,0,0,100,100
A_3_S,A_3_S.webp,0,0,100,100
A_3_S2,A_3_S2.webp,0,0,100,100
A_3_wet,A_3_wet.webp,0,0,100,100
A_4,A_4.webp,0,0,100,100
A_4_S,A_4_S.webp,0,0,100,100
A_4_S2,A_4_S2.webp,0,0,100,100
A_4_wet,A_4_wet.webp,0,0,100,100
B_0,B_0.webp,0,0,100,100
B_20,B_20.webp,0,0,100,100
B_40,B_40.webp,0,0,100,100
B_80,B_80.webp,0,0,100,100
D_Bumpy,D_Bumpy.webp,0,0,100,100
D_Bumpy_C,D_Bumpy_C.webp,0,0,100,100
D_Bumpy_S,D_Bumpy_S.webp,0,0,100,100
D_Child,D_Child.webp,0,0,100,100
D_Child_C,D_Child_C.webp,0,0,100,100
D_Child_S,D_Child_S.webp,0,0,100,100
D_Dildo,D_Dildo.webp,0,0,100,100
D_Dildo_S,D_Dildo_S.webp,0,0,100,100
D_EX,D_EX.webp,0,0,100,100
D_EX_C,D_EX_C.webp,0,0,100,100
D_EX_S,D_EX_S.webp,0,0,100,100
D_Finger,D_Finger.webp,0,0,100,100
D_Large,D_Large.webp,0,0,100,100
D_Large_C,D_Large_C.webp,0,0,100,100
D_Large_S,D_Large_S.webp,0,0,100,100
D_Light,D_Light.webp,0,0,100,100
D_Light_C,D_Light_C.webp,0,0,100,100
D_Light_S,D_Light_S.webp,0,0,100,100
D_Normal,D_Normal.webp,0,0,100,100
D_Normal_C,D_Normal_C.webp,0,0,100,100
D_Normal_S,D_Normal_S.webp,0,0,100,100
D_Poor,D_Poor.webp,0,0,100,100
D_Poor_C,D_Poor_C.webp,0,0,100,100
D_Poor_S,D_Poor_S.webp,0,0,100,100
EX_1,EX_1.webp,0,0,100,100
EX_1_S,EX_1_S.webp,0,0,100,100
EX_2,EX_2.webp,0,0,100,100
EX_2_S,EX_2_S.webp,0,0,100,100
H_0,H_0.webp,0,0,100,100
H_20,H_20.webp,0,0,100,100
H_40,H_40.webp,0,0,100,100
H_80,H_80.webp,0,0,100,100
im_av_chara,im_av_chara.webp,0,0,180,180
im_av_chara_yellow,im_av_chara_yellow.webp,0,0,180,180
im_av_dot,im_av_dot.webp,0,0,1,1
im_av_empty,im_av_empty.webp,0,0,100,100
im_av_green,im_av_green.webp,0,0,128,128
PW_0,PW_0.webp,0,0,100,100
PW_0_100,PW_0_100.webp,0,0,100,100
PW_0_20,PW_0_20.webp,0,0,100,100
PW_0_200,PW_0_200.webp,0,0,100,100
PW_0_50,PW_0_50.webp,0,0,100,100
PW_20,PW_20.webp,0,0,100,100
PW_20_100,PW_20_100.webp,0,0,100,100
PW_20_20,PW_20_20.webp,0,0,100,100
PW_20_200,PW_20_200.webp,0,0,100,100
PW_20_50,PW_20_50.webp,0,0,100,100
PW_40,PW_40.webp,0,0,100,100
PW_40_100,PW_40_100.webp,0,0,100,100
PW_40_20,PW_40_20.webp,0,0,100,100
PW_40_200,PW_40_200.webp,0,0,100,100
PW_40_50,PW_40_50.webp,0,0,100,100
V_0,V_0.webp,0,0,100,100
V_0_blood,V_0_blood.webp,0,0,100,100
V_0_L,V_0_L.webp,0,0,100,100
V_0_M,V_0_M.webp,0,0,100,100
V_0_S,V_0_S.webp,0,0,100,100
V_1,V_1.webp,0,0,100,100
V_1_S,V_1_S.webp,0,0,100,100
V_1_S2,V_1_S2.webp,0,0,100,100
V_1_wet,V_1_wet.webp,0,0,100,100
V_2,V_2.webp,0,0,100,100
V_2_S,V_2_S.webp,0,0,100,100
V_2_S2,V_2_S2.webp,0,0,100,100
V_2_wet,V_2_wet.webp,0,0,100,100
V_3,V_3.webp,0,0,100,100
V_3_S,V_3_S.webp,0,0,100,100
V_3_S2,V_3_S2.webp,0,0,100,100
V_3_wet,V_3_wet.webp,0,0,100,100
V_4,V_4.webp,0,0,100,100
V_4_S,V_4_S.webp,0,0,100,100
V_4_S2,V_4_S2.webp,0,0,100,100
V_4_wet,V_4_wet.webp,0,0,100,100
W,W.webp,0,0,100,100
W_100,W_100.webp,0,0,100,100
W_20,W_20.webp,0,0,100,100
W_200,W_200.webp,0,0,100,100
W_50,W_50.webp,0,0,100,100
W_effect,W_effect.webp,0,0,100,100
W_EX,W_EX.webp,0,0,100,100
W_EX_2,W_EX_2.webp,0,0,100,100
