bodyGraph_A_尻尾_あうん,あうん.png,0,0,250,250
bodyGraph_A_尻尾_ちやり,ちやり.png,0,0,250,250
bodyGraph_A_尻尾_ドレミー,ドレミー.png,0,0,250,250
bodyGraph_A_尻尾_ナズリン,ナズリン.png,0,0,250,250
bodyGraph_A_尻尾_マミゾウ,マミゾウ.png,0,0,250,250
bodyGraph_A_尻尾_ミケ,ミケ.png,0,0,250,250
bodyGraph_A_尻尾_兎,兎.png,0,0,250,250
bodyGraph_A_尻尾_八千慧,八千慧.png,0,0,250,250
bodyGraph_A_尻尾_典,典.png,0,0,250,250
bodyGraph_A_尻尾_影狼,影狼.png,0,0,250,250
bodyGraph_A_尻尾_慧ノ子,慧ノ子.png,0,0,250,250
bodyGraph_A_尻尾_早鬼,早鬼.png,0,0,250,250
bodyGraph_A_尻尾_星,星.png,0,0,250,250
bodyGraph_A_尻尾_椛,椛.png,0,0,250,250
bodyGraph_A_尻尾_潤美,潤美.png,0,0,250,250
bodyGraph_A_尻尾_燐_橙,燐_橙.png,0,0,250,250
bodyGraph_A_尻尾_美天,美天.png,0,0,250,250
bodyGraph_A_尻尾_藍2,藍2.png,0,0,250,250
bodyGraph_A_尻尾_藍_並,藍_並.png,0,0,250,250
bodyGraph_A_尻尾_藍_巨,藍_巨.png,0,0,250,250
bodyGraph_A_尻尾_藍_幼,藍_幼.png,0,0,250,250
bodyGraph_A_尻尾_藍_貧,藍_貧.png,0,0,250,250
bodyGraph_A_尻尾_響子,響子.png,0,0,250,250
bodyGraph_A_尻尾_久侘歌,久侘歌.png,0,0,250,250
