bodyGraph_M_口外_ねこ,ねこ.png,0,0,250,250
bodyGraph_M_口外_ひさみ,ひさみ.png,0,0,250,250
bodyGraph_M_口外_ぼーっとした,ぼーっとした.png,0,0,250,250
bodyGraph_M_口外_ギザ歯,ギザ歯.png,0,0,250,250
bodyGraph_M_口外_小悪魔,小悪魔.png,0,0,250,250
bodyGraph_M_口外_強気,強気.png,0,0,250,250
bodyGraph_M_口外_栗口,栗口.png,0,0,250,250
bodyGraph_M_口外_素直,素直.png,0,0,250,250
bodyGraph_M_口外_素直2,素直2.png,0,0,250,250
bodyGraph_M_口外_気弱,気弱.png,0,0,250,250
bodyGraph_M_口外_気弱2,気弱2.png,0,0,250,250
bodyGraph_M_口外_無表情,無表情.png,0,0,250,250
bodyGraph_M_口外_無表情2,無表情2.png,0,0,250,250
bodyGraph_M_口外_無邪気,無邪気.png,0,0,250,250
bodyGraph_M_口外_無邪気八重歯,無邪気八重歯.png,0,0,250,250
bodyGraph_M_口外_無邪気単八重歯,無邪気単八重歯.png,0,0,250,250
bodyGraph_M_口外_生意気,生意気.png,0,0,250,250
bodyGraph_M_口外_生意気八重歯,生意気八重歯.png,0,0,250,250
bodyGraph_M_口外_皮肉,皮肉.png,0,0,250,250
bodyGraph_M_口外_真面目,真面目.png,0,0,250,250
bodyGraph_M_口外_真面目2,真面目2.png,0,0,250,250
bodyGraph_M_口外_乙女,乙女.png,0,0,250,250
bodyGraph_M_口外_無邪気2,無邪気2.png,0,0,250,250
bodyGraph_M_口外_無邪気2八重歯,無邪気2八重歯.png,0,0,250,250
bodyGraph_M_口外_無邪気2単八重歯,無邪気2単八重歯.png,0,0,250,250
bodyGraph_M_口外_4,4.png,0,0,250,250
bodyGraph_M_口外_5,5.png,0,0,250,250

bodyGraph_M_口外_精液1,精液1.png,0,0,250,250
bodyGraph_M_口外_精液2,精液2.png,0,0,250,250
bodyGraph_M_口外_陰キャ,陰キャ.png,0,0,250,250
bodyGraph_M_口外_顔1,顔1.png,0,0,250,250
bodyGraph_M_口外_顔2,顔2.png,0,0,250,250
