別立ち2_服_トロ顔_2,別立ち2_服_トロ顔_2.webp
別立ち2_服_発情_2,別立ち2_服_発情_2.webp
別立ち2_服_憤怒_2,別立ち2_服_憤怒_2.webp
別立ち2_服_通常_2,別立ち2_服_通常_2.webp
別立ち2_服_笑顔_2,別立ち2_服_笑顔_2.webp
別立ち2_裸_イキ顔_2,別立ち2_裸_イキ顔_2.webp
別立ち2_裸_トロ顔_2,別立ち2_裸_トロ顔_2.webp
別立ち2_裸_愛抚_2,別立ち2_裸_愛抚_2.webp
別立ち2_裸_発情_2,別立ち2_裸_発情_2.webp
別立ち2_裸_憤怒_2,別立ち2_裸_憤怒_2.webp
別立ち2_裸_汗_2,別立ち2_裸_汗_2.webp
別立ち2_裸_怒羞_2,別立ち2_裸_怒羞_2.webp
別立ち2_裸_睡眠_2,別立ち2_裸_睡眠_2.webp
別立ち2_裸_通常_2,別立ち2_裸_通常_2.webp
別立ち2_裸_笑顔_2,別立ち2_裸_笑顔_2.webp
別立ち2_裸_性交_2,別立ち2_裸_性交_2.webp
別立ち2_裸_自慰_2,別立ち2_裸_自慰_2.webp
別顔2_服_トロ顔_2,別顔2_服_トロ顔_2.webp
別顔2_服_発情_2,別顔2_服_発情_2.webp
別顔2_服_憤怒_2,別顔2_服_憤怒_2.webp
別顔2_服_通常_2,別顔2_服_通常_2.webp
別顔2_服_笑顔_2,別顔2_服_笑顔_2.webp
別顔2_裸_イキ顔_2,別顔2_裸_イキ顔_2.webp
別顔2_裸_トロ顔_2,別顔2_裸_トロ顔_2.webp
別顔2_裸_愛抚_2,別顔2_裸_愛抚_2.webp
別顔2_裸_発情_2,別顔2_裸_発情_2.webp
別顔2_裸_憤怒_2,別顔2_裸_憤怒_2.webp
別顔2_裸_汗_2,別顔2_裸_汗_2.webp
別顔2_裸_怒羞_2,別顔2_裸_怒羞_2.webp
別顔2_裸_睡眠_2,別顔2_裸_睡眠_2.webp
別顔2_裸_通常_2,別顔2_裸_通常_2.webp
別顔2_裸_笑顔_2,別顔2_裸_笑顔_2.webp
別顔2_裸_性交_2,別顔2_裸_性交_2.webp
別顔2_裸_自慰_2,別顔2_裸_自慰_2.webp
